Game,Platform,Year,Genre,Publisher,NA,EU,JP,Other,Global
Grand Theft Auto V,PS4,2014,Action,Rockstar Games,6.06,9.71,0.6,3.02,19.39
Call of Duty: Black Ops 3,PS4,2015,Shooter,Activision,6.18,6.05,0.41,2.44,15.09
Red Dead Redemption 2,PS4,2018,Action-Adventure,Rockstar Games,5.26,6.21,0.21,2.26,13.94
Call of Duty: WWII,PS4,2017,Shooter,Activision,4.67,6.21,0.4,2.12,13.4
FIFA 18,PS4,2017,Sports,EA Sports,1.27,8.64,0.15,1.73,11.8
FIFA 17,PS4,2016,Sports,Electronic Arts,1.26,7.95,0.12,1.61,10.94
Uncharted (PS4),PS4,2016,Action,Sony Interactive Entertainment,4.49,3.93,0.21,1.7,10.33
Spider-Man (PS4),PS4,2018,Action-Adventure,Sony Interactive Entertainment,3.64,3.39,0.32,1.41,8.76
Call of Duty: Infinite Warfare,PS4,2016,Shooter,Activision,3.11,3.83,0.19,1.36,8.48
Fallout 4,PS4,2015,Role-Playing,Bethesda Softworks,2.91,3.97,0.27,1.34,8.48
FIFA 16,PS4,2015,Sports,EA Sports,1.15,5.77,0.07,1.23,8.22
Star Wars Battlefront 2015,PS4,2015,Shooter,Electronic Arts,3.31,3.19,0.23,1.3,8.03
Call of Duty: Advanced Warfare,PS4,2014,Shooter,Activision,2.84,3.34,0.14,1.22,7.53
Battlefield 1,PS4,2016,Shooter,Electronic Arts,2.2,3.65,0.29,1.12,7.26
The Last of Us,PS4,2014,Action-Adventure,Sony Computer Entertainment,2.7,2.86,0.11,1.1,6.77
MineCraft,PS4,2014,Misc,Sony Computer Entertainment,1.89,3.13,0.35,0.96,6.33
FIFA 15,PS4,2014,Sports,EA Sports,0.83,4.49,0.05,0.94,6.32
God of War (PS4),PS4,2018,Action,Sony Interactive Entertainment,2.83,2.17,0.13,1.02,6.15
Horizon: Zero Dawn,PS4,2017,Action,Sony Interactive Entertainment,2.2,2.43,0.28,0.92,5.82
Destiny,PS4,2014,Shooter,Activision,2.53,2.13,0.16,0.94,5.76
Uncharted: The Nathan Drake Collection,PS4,2015,Action,Sony Computer Entertainment,2.55,2.11,0.1,0.94,5.7
The Witcher 3: Wild Hunt,PS4,2015,Role-Playing,Namco Bandai Games,1.48,2.82,0.28,0.81,5.39
Final Fantasy XV,PS4,2016,Role-Playing,Square Enix,1.81,1.53,1.05,0.68,5.07
Crash Bandicoot N. Sane Trilogy,PS4,2017,Platform,Activision,1.09,2.92,0.07,0.74,4.83
Monster Hunter: World,PS4,2018,Action,Capcom,1.03,1.06,2.17,0.42,4.67
Overwatch,PS4,2016,Shooter,Blizzard Entertainment,1.84,1.8,0.17,0.73,4.54
Star Wars Battlefront II (2017),PS4,2017,Shooter,Electronic Arts,1.7,1.99,0.12,0.73,4.53
Tom Clancy's The Division,PS4,2016,Shooter,Ubisoft,1.49,2.04,0.16,0.69,4.37
Tom Clancy's Rainbow Six: Siege,PS4,2015,Shooter,Ubisoft,1.29,2.06,0.36,0.64,4.36
Watch Dogs,PS4,2014,Action-Adventure,Ubisoft,1.4,2.13,0.11,0.68,4.32
Call of Duty: Ghosts,PS4,2013,Shooter,Activision,1.79,1.64,0.05,0.69,4.17
Assassin's Creed: Unity,PS4,2014,Action,Ubisoft,1.25,2.16,0.09,0.65,4.14
Destiny 2,PS4,2017,Shooter,Activision,1.92,1.44,0.1,0.69,4.14
Batman: Arkham Knight,PS4,2015,Action,Warner Bros. Interactive,1.65,1.68,0.11,0.66,4.11
Assassin's Creed Origins,PS4,2017,Action,Ubisoft,1.22,2.11,0.11,0.63,4.06
Far Cry 4,PS4,2014,Shooter,Ubisoft,1.18,2.14,0.11,0.63,4.06
NBA 2K16,PS4,2015,Sports,2K Sports,2.56,0.66,0.05,0.71,3.98
Far Cry 5,PS4,2018,Action,Ubisoft,1.44,1.73,0.15,0.62,3.95
Battlefield 4,PS4,2013,Shooter,Electronic Arts,1.4,1.74,0.19,0.62,3.94
Gran Turismo Sport,PS4,2017,Racing,Sony Interactive Entertainment,0.63,2.35,0.24,0.54,3.77
Assassin's Creed Syndicate,PS4,2015,Action,Ubisoft,0.9,2.06,0.08,0.55,3.6
NBA 2K17,PS4,2016,Sports,2K Sports,2.28,0.59,0.03,0.63,3.52
Mortal Kombat X,PS4,2015,Fighting,Warner Bros. Interactive Entertainment,1.94,0.94,0.0,0.61,3.49
FIFA Soccer 14,PS4,2013,Sports,EA Sports,0.62,2.18,0.12,0.51,3.43
The Elder Scrolls V: Skyrim,PS4,2016,Role-Playing,Bethesda Softworks,1.24,1.5,0.08,0.54,3.36
Watch Dogs 2,PS4,2016,Action,Ubisoft,0.98,1.74,0.12,0.52,3.36
NBA 2K18,PS4,2017,Sports,2K Sports,2.13,0.57,0.04,0.59,3.34
Resident Evil VII: Biohazard,PS4,2017,Action,Capcom,0.88,1.56,0.41,0.46,3.31
Madden NFL 16,PS4,2015,Sports,EA Sports,2.39,0.31,0.0,0.61,3.3
Madden NFL 17,PS4,2016,Sports,EA Sports,2.3,0.37,0.0,0.6,3.28
Middle-Earth: Shadow of Mordor,PS4,2014,Action,Warner Bros. Interactive Entertainment,1.03,1.6,0.05,0.51,3.19
Assassin's Creed IV: Black Flag,PS4,2013,Action-Adventure,Ubisoft,1.07,1.55,0.06,0.51,3.19
Tom Clancy's Ghost Recon Wildlands,PS4,2017,Shooter,Ubisoft,1.07,1.35,0.22,0.47,3.12
Bloodborne,PS4,2015,Role-Playing,Sony Computer Entertainment,1.3,1.05,0.28,0.48,3.11
Metal Gear Solid V: The Phantom Pain,PS4,2015,Action,Konami Digital Entertainment,0.97,1.15,0.5,0.42,3.04
Killzone: Shadow Fall,PS4,2013,Shooter,Sony Computer Entertainment,0.89,1.58,0.08,0.47,3.02
inFAMOUS: Second Son,PS4,2014,Action-Adventure,Sony Computer Entertainment,1.35,1.09,0.07,0.5,3.01
Doom (2016),PS4,2016,Shooter,Bethesda Softworks,0.93,1.48,0.04,0.46,2.92
Mafia III,PS4,2016,Action-Adventure,2K Games,0.72,1.67,0.04,0.44,2.87
Diablo III,PS4,2014,Role-Playing,Blizzard Entertainment,0.83,1.48,0.08,0.44,2.82
Far Cry: Primal,PS4,2016,Action-Adventure,Ubisoft,0.63,1.61,0.07,0.41,2.73
Need for Speed (2015),PS4,2015,Racing,Electronic Arts,0.59,1.66,0.06,0.41,2.72
Madden NFL 18,PS4,2017,Sports,EA Sports,1.73,0.42,0.0,0.47,2.62
NBA 2K15,PS4,2014,Sports,2K Sports,1.49,0.55,0.01,0.44,2.49
Dying Light,PS4,2015,Action,Warner Bros. Interactive,1.18,0.74,0.13,0.4,2.45
Dark Souls III,PS4,2016,Role-Playing,Namco Bandai Games,1.0,0.63,0.44,0.34,2.42
Ratchet & Clank (2016),PS4,2016,Platform,Sony Interactive Entertainment,0.97,0.97,0.06,0.39,2.38
DriveClub,PS4,2014,Racing,Sony Computer Entertainment,0.37,1.63,0.02,0.36,2.37
Uncharted: The Lost Legacy,PS4,2017,Action,Sony Interactive Entertainment,0.58,1.38,0.04,0.36,2.37
Dragon Age III: Inquisition,PS4,2014,Role-Playing,Electronic Arts,1.07,0.8,0.08,0.38,2.34
No Man's Sky,PS4,2016,Action-Adventure,Hello Games,0.89,0.97,0.04,0.37,2.26
Madden NFL 15,PS4,2014,Sports,EA Sports,1.58,0.25,0.0,0.41,2.25
Need for Speed: Payback,PS4,2017,Racing,Electronic Arts,0.62,1.18,0.04,0.34,2.18
Destiny: The Taken King,PS4,2015,Shooter,Activision,0.97,0.8,0.05,0.36,2.18
Need for Speed Rivals,PS4,2013,Racing,Electronic Arts,0.75,1.04,0.03,0.35,2.17
PlayStation VR Worlds,PS4,2016,Misc,Sony Interactive Entertainment,0.36,1.4,0.09,0.32,2.16
Battlefield: Hardline,PS4,2015,Shooter,Electronic Arts,0.72,0.97,0.14,0.33,2.15
Rise of the Tomb Raider,PS4,2016,Adventure,Square Enix,0.61,1.08,0.05,0.32,2.07
LittleBigPlanet 3,PS4,2014,Platform,Sony Computer Entertainment,0.78,0.93,0.01,0.34,2.06
The Elder Scrolls Online,PS4,2015,MMO,Bethesda Softworks,0.74,0.98,0.0,0.33,2.05
Middle-Earth: Shadow of War,PS4,2017,Action,Warner Bros. Interactive Entertainment,0.82,0.84,0.06,0.33,2.04
Dragon Quest XI,PS4,2017,Role-Playing,Square Enix,0.29,0.22,1.43,0.1,2.04
Rocket League,PS4,2016,Sports,505 Games,0.37,1.34,0.0,0.31,2.02
Just Cause 3,PS4,2015,Action-Adventure,Square Enix,0.53,1.07,0.09,0.3,1.98
Dishonored 2,PS4,2016,Action,Bethesda Softworks,0.62,1.02,0.01,0.31,1.97
Lego Marvel Super Heroes,PS4,2013,Action,Warner Bros. Interactive Entertainment,0.59,1.0,0.01,0.3,1.91
Until Dawn,PS4,2015,Adventure,Sony Computer Entertainment,0.62,0.92,0.06,0.3,1.9
Knack,PS4,2013,Platform,Sony Computer Entertainment,0.45,0.77,0.42,0.23,1.88
The Evil Within,PS4,2014,Action,Bethesda Softworks,0.56,0.9,0.11,0.28,1.86
The Crew,PS4,2014,Racing,Ubisoft,0.44,1.04,0.03,0.27,1.79
Kingdom Hearts 1.5 + 2.5 Remix,PS4,2017,Role-Playing,Square Enix,0.75,0.51,0.23,0.26,1.75
For Honor,PS4,2017,Action,Ubisoft,0.73,0.66,0.07,0.28,1.75
Titanfall 2,PS4,2016,Shooter,Electronic Arts,0.75,0.62,0.06,0.28,1.72
Injustice 2,PS4,2017,Fighting,Warner Bros. Interactive Entertainment,0.88,0.54,0.0,0.29,1.72
NieR Automata,PS4,2017,Role-Playing,Square Enix,0.56,0.51,0.42,0.22,1.71
Tekken 7,PS4,2017,Fighting,Namco Bandai Games,0.6,0.72,0.12,0.26,1.7
Persona 5,PS4,2016,Role-Playing,Deep Silver,0.62,0.34,0.48,0.2,1.64
The Order: 1886,PS4,2015,Shooter,Sony Computer Entertainment,0.44,0.86,0.07,0.25,1.62
Wolfenstein: The New Order,PS4,2014,Shooter,Bethesda Softworks,0.48,0.84,0.03,0.25,1.61
Detroit: Become Human,PS4,2018,Adventure,Sony Interactive Entertainment,0.55,0.67,0.12,0.24,1.57
Naruto Shippuden: Ultimate Ninja Storm 4,PS4,2016,Fighting,Namco Bandai Games,0.71,0.47,0.12,0.24,1.54
NBA 2K14,PS4,2013,Sports,2K Sports,0.91,0.35,0.01,0.27,1.54
Tomb Raider (2013),PS4,2014,Action-Adventure,Square Enix,0.47,0.74,0.06,0.23,1.51
Dragon Ball: Xenoverse 2,PS4,2016,Action,Namco Bandai Games,0.54,0.59,0.14,0.23,1.5
Rayman Legends,PS4,2014,Platform,Ubisoft,0.22,1.05,0.0,0.23,1.5
Mass Effect: Andromeda,PS4,2017,Role-Playing,Electronic Arts,0.58,0.67,0.0,0.25,1.49
Dragon Ball Fighter Z,PS4,2018,Fighting,Namco Bandai Games,0.61,0.51,0.12,0.23,1.46
South Park: The Fractured But Whole,PS4,2017,Role-Playing,Ubisoft,0.62,0.57,0.0,0.24,1.43
The Sims 4,PS4,2017,Simulation,Electronic Arts,0.44,0.72,0.01,0.22,1.39
Street Fighter V,PS4,2016,Fighting,Capcom,0.64,0.42,0.12,0.22,1.39
Wolfenstein II: The New Colossus,PS4,2017,Shooter,Bethesda Softworks,0.55,0.58,0.01,0.22,1.36
WWE 2K18,PS4,2017,Sports,2K Sports,0.45,0.67,0.0,0.22,1.33
Lego Star Wars: The Force Awakens,PS4,2016,Action-Adventure,Warner Bros. Interactive Entertainment,0.3,0.78,0.02,0.2,1.31
EA Sports UFC 2,PS4,2016,Sports,EA Sports,0.44,0.65,0.0,0.21,1.31
The Last Guardian,PS4,2016,Action-Adventure,Sony Interactive Entertainment,0.4,0.58,0.13,0.19,1.29
WWE 2K16,PS4,2015,Sports,Take-Two Interactive,0.43,0.65,0.0,0.21,1.29
Borderlands: The Handsome Collection,PS4,2015,Shooter,2K Games,0.69,0.34,0.03,0.22,1.28
Project CARS,PS4,2015,Racing,Bandai Namco Games,0.29,0.76,0.04,0.19,1.28
WWE 2K17,PS4,2016,Sports,2K Games,0.32,0.7,0.0,0.19,1.22
Guitar Hero Live,PS4,2015,Music,Activision,0.52,0.49,0.0,0.2,1.21
Metal Gear Solid: Ground Zeroes,PS4,2014,Action-Adventure,Konami Digital Entertainment,0.36,0.5,0.17,0.17,1.2
Mad Max (2013),PS4,2015,Action,Warner Bros. Interactive Entertainment,0.38,0.59,0.05,0.19,1.2
Shadow of the Colossus,PS4,2018,Action-Adventure,Sony Interactive Entertainment,0.44,0.52,0.05,0.19,1.2
Kingdom Hearts HD 2.8 Final Chapter Prologue,PS4,2017,Role-Playing,Square Enix,0.57,0.25,0.2,0.17,1.2
Dragon Ball: XenoVerse,PS4,2015,Fighting,Namco Bandai Games,0.33,0.55,0.14,0.17,1.19
LEGO Dimensions,PS4,2015,Action,Warner Bros. Interactive Entertainment,0.48,0.5,0.0,0.2,1.18
LEGO Jurassic World,PS4,2015,Action,Warner Bros. Interactive Entertainment,0.41,0.56,0.02,0.19,1.18
WWE 2K15,PS4,2014,Sports,2K Sports,0.4,0.57,0.0,0.19,1.16
MLB The Show 17,PS4,2017,Sports,Sony Interactive Entertainment,0.94,0.0,0.0,0.22,1.16
LEGO Worlds,PS4,2017,Misc,Warner Bros. Interactive Entertainment,0.21,0.72,0.04,0.17,1.14
The Elder Scrolls V: Skyrim PSVR,PS4,2017,Role-Playing,Bethesda Softworks,0.47,0.47,0.01,0.19,1.13
LEGO Marvel Super Heroes 2,PS4,2017,Action,Warner Bros. Interactive Entertainment,0.33,0.6,0.0,0.18,1.11
EA Sports UFC,PS4,2014,Fighting,Electronic Arts,0.49,0.43,0.01,0.18,1.11
Final Fantasy XII: The Zodiac Age,PS4,2017,Role-Playing,Square Enix,0.37,0.41,0.16,0.15,1.1
Alien: Isolation,PS4,2014,Adventure,Sega,0.29,0.59,0.05,0.16,1.09
MLB The Show 18,PS4,2018,Sports,Sony Interactive Entertainment,0.86,0.0,0.0,0.2,1.06
The Evil Within II,PS4,2017,Action,Bethesda Softworks,0.31,0.49,0.09,0.15,1.05
Prey (2017),PS4,2017,Shooter,Bethesda Softworks,0.25,0.62,0.02,0.16,1.04
Final Fantasy Type-0,PS4,2015,Role-Playing,Square Enix,0.4,0.33,0.16,0.15,1.04
Ni-Oh,PS4,2017,Action,Tecmo Koei,0.34,0.36,0.2,0.14,1.03
MLB 15: The Show,PS4,2015,Sports,Sony Computer Entertainment,0.75,0.08,0.0,0.19,1.01
Steep,PS4,2016,Sports,Ubisoft,0.23,0.6,0.02,0.15,1.01
LEGO Marvel's Avengers,PS4,2016,Action,Warner Bros. Interactive Entertainment,0.31,0.53,0.01,0.16,1.01
Evolve,PS4,2015,Shooter,2K Games,0.38,0.41,0.05,0.16,1.01
Injustice: Gods Among Us,PS4,2013,Fighting,Warner Bros. Interactive Entertainment,0.46,0.35,0.0,0.17,0.98
EA Sports UFC 3,PS4,2018,Sports,EA Sports,0.4,0.41,0.01,0.16,0.97
Madden NFL 25,PS4,2013,Sports,EA Sports,0.64,0.15,0.0,0.17,0.96
MLB 16: The Show,PS4,2016,Sports,Sony Computer Entertainment,0.78,0.0,0.0,0.18,0.96
Lego Batman 3: Beyond Gotham,PS4,2014,Action,Warner Bros. Interactive Entertainment,0.37,0.42,0.0,0.16,0.94
Final Fantasy X/X-2 HD Remaster,PS4,2015,Role-Playing,Square Enix,0.34,0.36,0.07,0.14,0.9
Ni no Kuni II: Revenant Kingdom,PS4,2018,Role-Playing,Namco Bandai Games,0.33,0.31,0.12,0.13,0.89
God of War III,PS4,2015,Action,Sony Computer Entertainment,0.4,0.33,0.02,0.15,0.89
Fortnite,PS4,2017,Action,Gearbox Software,0.42,0.32,0.0,0.15,0.89
LEGO Harry Potter Collection,PS4,2016,Action,Warner Bros. Interactive Entertainment,0.07,0.68,0.0,0.13,0.88
Minecraft: Story Mode,PS4,2015,Adventure,Mojang,0.31,0.42,0.0,0.14,0.87
BioShock The Collection,PS4,2016,Shooter,2K Games,0.41,0.28,0.03,0.14,0.86
Thief 4,PS4,2014,Action,Square Enix,0.28,0.41,0.03,0.13,0.85
Until Dawn: Rush of Blood,PS4,2016,Shooter,Sony Interactive Entertainment,0.5,0.21,0.0,0.15,0.85
Disney Infinity 3.0,PS4,2015,Action,Disney Interactive Studios,0.31,0.4,0.0,0.14,0.85
Farming Simulator 17,PS4,2016,Simulation,Focus Home Interactive,0.19,0.52,0.01,0.13,0.85
The Crew 2,PS4,2018,Racing,Ubisoft,0.22,0.42,0.05,0.12,0.82
Pro Evolution Soccer 2016,PS4,2015,Sports,Konami Digital Entertainment,0.14,0.43,0.14,0.1,0.82
ARK: Survival Evolved,PS4,2017,Action,Studio Wildcard,0.28,0.29,0.14,0.11,0.81
Dragon Quest Heroes: The World's Tree Woe and the Blight Below,PS4,2015,Action,Square Enix,0.21,0.14,0.39,0.07,0.81
Assassin's Creed The Ezio Collection,PS4,2016,Action,Ubisoft,0.14,0.52,0.02,0.12,0.79
Final Fantasy XIV: A Realm Reborn,PS4,2014,MMO,Square Enix,0.35,0.23,0.08,0.12,0.79
Destiny: The Collection,PS4,2016,Shooter,Activision,0.24,0.4,0.02,0.12,0.78
F1 2016 (Codemasters),PS4,2016,Racing,Codemasters,0.07,0.56,0.03,0.11,0.78
Hitman (2016),PS4,2017,Action,Square Enix,0.24,0.36,0.06,0.11,0.78
Pro Evolution Soccer 2015,PS4,2014,Sports,Konami Digital Entertainment,0.09,0.45,0.12,0.1,0.76
LEGO City Undercover,PS4,2017,Platform,Warner Bros. Interactive Entertainment,0.17,0.46,0.01,0.12,0.75
Pro Evolution Soccer 2018,PS4,2017,Sports,Konami Digital Entertainment,0.12,0.36,0.19,0.09,0.75
Disney Infinity 2.0: Marvel Super Heroes,PS4,2014,Action-Adventure,Disney Interactive Studios,0.37,0.25,0.0,0.13,0.75
Pro Evolution Soccer 2017,PS4,2016,Sports,Konami Digital Entertainment,0.08,0.41,0.18,0.09,0.75
Sniper Elite 3,PS4,2014,Shooter,505 Games,0.25,0.37,0.0,0.12,0.74
MLB 14 The Show,PS4,2014,Sports,Sony Computer Entertainment,0.59,0.0,0.0,0.14,0.73
WipEout Omega Collection,PS4,2017,Racing,Sony Interactive Entertainment,0.12,0.49,0.0,0.11,0.72
Deus Ex: Mankind Divided,PS4,2016,Role-Playing,Square Enix,0.25,0.34,0.01,0.12,0.72
The LEGO Movie Videogame,PS4,2014,Action-Adventure,Warner Bros. Interactive Entertainment,0.26,0.32,0.01,0.11,0.71
Marvel vs. Capcom: Infinite,PS4,2017,Fighting,Capcom,0.36,0.19,0.04,0.11,0.7
Dark Souls II,PS4,2015,Role-Playing,Namco Bandai Games,0.27,0.23,0.09,0.1,0.69
Yakuza 6,PS4,2016,Adventure,Sega,0.16,0.1,0.38,0.05,0.69
F1 2015,PS4,2015,Racing,Codemasters,0.1,0.45,0.04,0.1,0.68
METRO 2033,PS4,2014,Shooter,Deep Silver,0.22,0.31,0.05,0.1,0.68
Rocksmith 2014,PS4,2014,Music,Ubisoft,0.38,0.17,0.0,0.12,0.67
NHL 16,PS4,2015,Sports,EA Sports,0.38,0.16,0.0,0.12,0.66
Plants vs Zombies: Garden Warfare,PS4,2014,Shooter,Electronic Arts,0.24,0.3,0.01,0.11,0.66
Tales of Berseria,PS4,2016,Role-Playing,Namco Bandai Games,0.22,0.1,0.26,0.07,0.65
Yakuza Zero: The Place of Oath,PS4,2015,Adventure,Sega,0.22,0.16,0.19,0.08,0.65
One Piece: Burning Blood,PS4,2016,Fighting,Namco Bandai Games,0.21,0.26,0.09,0.09,0.65
Batman: Return to Arkham,PS4,2016,Action,Warner Bros. Interactive Entertainment,0.15,0.39,0.01,0.1,0.64
Plants vs. Zombies: Garden Warfare 2,PS4,2016,Shooter,Electronic Arts,0.22,0.31,0.0,0.1,0.63
LEGO The Hobbit,PS4,2014,Action-Adventure,Warner Bros. Interactive Entertainment,0.14,0.39,0.0,0.1,0.62
World of Final Fantasy,PS4,2016,Role-Playing,Square Enix,0.24,0.21,0.09,0.09,0.62
F1 2017,PS4,2017,Racing,Koch Media,0.04,0.47,0.02,0.09,0.62
NHL 15,PS4,2014,Sports,EA Sports,0.32,0.19,0.0,0.11,0.62
Knowledge is Power,PS4,2017,Party,Sony Interactive Entertainment,0.05,0.47,0.0,0.09,0.61
L.A. Noire,PS4,2017,Adventure,Rockstar Games,0.18,0.32,0.0,0.1,0.6
Hidden Agenda,PS4,2017,Adventure,Sony Interactive Entertainment,0.08,0.42,0.0,0.09,0.59
Call of Duty: Modern Warfare Remastered,PS4,2017,Shooter,Activision,0.17,0.3,0.03,0.09,0.58
Dragon Quest Builders: Revive Alefgard,PS4,2016,Role-Playing,Square Enix,0.12,0.17,0.24,0.06,0.58
The Lego Ninjago Movie Videogame,PS4,2017,Action,Warner Bros. Interactive Entertainment,0.16,0.32,0.0,0.09,0.57
Resident Evil: Revelations 2,PS4,2015,Action,Capcom,0.14,0.25,0.11,0.07,0.57
Rock Band 4,PS4,2015,Music,Harmonix Music Systems,0.41,0.06,0.0,0.1,0.57
NHL 18,PS4,2017,Sports,EA Sports,0.31,0.16,0.0,0.1,0.57
Everybody's Golf,PS4,2017,Sports,Sony Interactive Entertainment,0.12,0.22,0.17,0.06,0.56
The Amazing Spider-Man 2 (2014),PS4,2014,Action-Adventure,Activision,0.2,0.26,0.02,0.09,0.56
DOOM VFR,PS4,2017,Shooter,Bethesda Softworks,0.22,0.25,0.0,0.09,0.56
Sonic Forces,PS4,2017,Platform,Sega,0.15,0.31,0.01,0.09,0.56
Kingdom Come: Deliverance,PS4,2018,Role-Playing,Deep Silver,0.18,0.28,0.0,0.09,0.56
Lords of the Fallen,PS4,2014,Role-Playing,Square Enix,0.2,0.24,0.02,0.09,0.55
Sniper Elite 4,PS4,2017,Shooter,Rebellion Developments,0.21,0.25,0.0,0.09,0.55
Rory McIlroy PGA Tour,PS4,2015,Sports,Electronic Arts,0.19,0.27,0.0,0.09,0.55
Project CARS 2,PS4,2017,Racing,Namco Bandai Games,0.1,0.35,0.02,0.08,0.55
Skylanders: Trap Team,PS4,2014,Platform,Activision,0.25,0.18,0.0,0.09,0.52
NHL 17,PS4,2016,Sports,EA Sports,0.32,0.11,0.0,0.09,0.52
One Piece: Pirate Warriors 3,PS4,2015,Action,Namco Bandai Games,0.11,0.22,0.11,0.06,0.52
DiRT Rally,PS4,2016,Racing,Codemasters,0.13,0.3,0.0,0.08,0.51
Homefront: The Revolution,PS4,2016,Shooter,Deep Silver,0.11,0.29,0.04,0.07,0.5
Attack on Titan (KOEI),PS4,2016,Action,Tecmo Koei,0.08,0.24,0.12,0.06,0.5
DiRT 4,PS4,2017,Racing,Codemasters,0.1,0.3,0.02,0.07,0.49
Farpoint,PS4,2017,Shooter,Sony Interactive Entertainment,0.0,0.38,0.04,0.06,0.48
Battleborn,PS4,2016,Shooter,2K Games,0.25,0.12,0.03,0.08,0.48
A Way Out,PS4,2018,Action,Electronic Arts,0.23,0.16,0.0,0.08,0.48
Friday the 13th: The Game,PS4,2017,Action,Gun Media,0.29,0.09,0.03,0.08,0.48
The Walking Dead: A Telltale Games Series,PS4,2014,Adventure,Telltale Games,0.12,0.26,0.03,0.07,0.48
Wolfenstein: The Old Blood,PS4,2015,Shooter,Bethesda Softworks,0.13,0.25,0.02,0.07,0.48
Deadpool,PS4,2015,Action,Activision,0.26,0.13,0.0,0.08,0.47
Dragon Quest Heroes II: Twin Kings and the Prophecy's End,PS4,2016,Action,Square Enix,0.05,0.09,0.3,0.03,0.47
TrackMania Turbo,PS4,2016,Racing,Ubisoft,0.04,0.35,0.0,0.07,0.47
Knack 2,PS4,2017,Platform,Sony Interactive Entertainment,0.14,0.25,0.01,0.07,0.47
Just Dance 2014,PS4,2013,Music,Ubisoft,0.21,0.18,0.0,0.08,0.47
Dissidia Final Fantasy NT,PS4,2018,Fighting,Square Enix,0.19,0.06,0.16,0.05,0.46
Skylanders: SuperChargers,PS4,2015,Action-Adventure,Activision,0.29,0.09,0.0,0.08,0.45
Yakuza Kiwami,PS4,2016,Adventure,Sega,0.13,0.07,0.21,0.04,0.45
Tales of Zestiria,PS4,2015,Role-Playing,Namco Bandai Games,0.18,0.16,0.04,0.07,0.45
Star Ocean 5: Integrity and Faithlessness,PS4,2016,Role-Playing,Square Enix,0.1,0.13,0.16,0.05,0.45
Sleeping Dogs,PS4,2014,Action,Square Enix,0.16,0.21,0.0,0.07,0.44
Skylanders SWAP Force,PS4,2013,Misc,Activision,0.23,0.14,0.0,0.08,0.44
Skylanders Imaginators,PS4,2016,Platform,Activision,0.18,0.18,0.0,0.07,0.43
Trials Fusion,PS4,2014,Misc,Ubisoft,0.13,0.23,0.01,0.07,0.43
Saints Row IV,PS4,2015,Action,Deep Silver,0.15,0.18,0.03,0.06,0.42
Dishonored,PS4,2015,Action,Bethesda Softworks,0.12,0.21,0.02,0.06,0.42
Mirror's Edge 2,PS4,2016,Platform,Electronic Arts,0.13,0.19,0.03,0.06,0.42
Farming Simulator 2015,PS4,2015,Simulation,Koch Media,0.13,0.22,0.0,0.07,0.41
Just Dance 2015,PS4,2014,Music,Ubisoft,0.21,0.13,0.0,0.07,0.41
Sword Art Online: Hollow Realization,PS4,2016,Role-Playing,Namco Bandai Games,0.18,0.06,0.12,0.05,0.41
Just Dance 2016,PS4,2015,Music,Ubisoft,0.19,0.13,0.0,0.07,0.39
Batman: Arkham VR,PS4,2016,Action,Warner Bros. Interactive Entertainment,0.32,0.0,0.0,0.07,0.39
Little Nightmares,PS4,2017,Platform,Namco Bandai Games,0.18,0.12,0.02,0.06,0.39
Tropico 5,PS4,2015,Simulation,Kalypso Media,0.07,0.18,0.08,0.05,0.38
Life is Strange,PS4,2016,Adventure,Square Enix,0.11,0.16,0.05,0.05,0.37
Resident Evil Zero,PS4,2016,Action-Adventure,Capcom,0.07,0.18,0.07,0.05,0.37
Yakuza Kiwami 2,PS4,2017,Action,Sega,0.08,0.06,0.19,0.03,0.37
Vampyr,PS4,2018,Role-Playing,Focus Home Interactive,0.12,0.19,0.0,0.06,0.37
Okami,PS4,2017,Action,Capcom,0.16,0.12,0.03,0.06,0.36
Sniper: Ghost Warrior 3,PS4,2017,Shooter,City Interactive,0.14,0.15,0.03,0.06,0.36
Hokuto ga Gotoku,PS4,2018,Action,Sega,0.09,0.05,0.18,0.03,0.36
Sword Art Online: Lost Song,PS4,2015,Role-Playing,Namco Bandai Games,0.19,0.11,0.0,0.06,0.36
Disgaea 5: Alliance of Vengeance,PS4,2015,Role-Playing,NIS America,0.15,0.08,0.07,0.05,0.35
Dead or Alive 5,PS4,2015,Fighting,Tecmo Koei,0.09,0.13,0.09,0.04,0.35
Gravity Rush 2,PS4,2017,Action-Adventure,Sony Interactive Entertainment,0.13,0.05,0.13,0.04,0.35
Odin Sphere: Leifthrasir,PS4,2016,Role-Playing,NIS America,0.14,0.07,0.09,0.04,0.34
Divinity: Original Sin,PS4,2015,Role-Playing,Focus Home Interactive,0.13,0.13,0.04,0.05,0.34
The King of Fighters XIV,PS4,2016,Fighting,Deep Silver,0.21,0.02,0.06,0.05,0.34
Dishonored: Death of the Outsider,PS4,2017,Action,Bethesda Softworks,0.1,0.18,0.0,0.05,0.33
Valkyria Chronicles,PS4,2016,Role-Playing,Sega,0.14,0.08,0.08,0.04,0.33
Murdered: Soul Suspect,PS4,2014,Action-Adventure,Square Enix,0.09,0.17,0.02,0.05,0.33
Payday 2,PS4,2015,Shooter,505 Games,0.12,0.14,0.0,0.05,0.32
UEFA Euro 2016,PS4,2016,Sports,Konami Digital Entertainment,0.0,0.22,0.05,0.04,0.31
DmC: Devil May Cry,PS4,2015,Action,Capcom,0.12,0.13,0.0,0.05,0.31
Sonic Mania,PS4,2017,Platform,Sega,0.1,0.15,0.01,0.05,0.31
J Stars Victory Vs.,PS4,2015,Fighting,Namco Bandai Games,0.11,0.14,0.0,0.05,0.31
XCOM 2,PS4,2016,Strategy,2K Games,0.16,0.1,0.0,0.05,0.31
Dynasty Warriors 8: Xtreme Legends,PS4,2014,Misc,Tecmo Koei,0.09,0.12,0.06,0.04,0.31
Cities: Skylines,PS4,2017,Simulation,Koch Media,0.15,0.07,0.04,0.05,0.3
Saint Seiya: Soldiers' Soul,PS4,2015,Fighting,Namco Bandai Games,0.0,0.21,0.05,0.04,0.3
Just Dance 2018,PS4,2017,Music,Ubisoft,0.1,0.15,0.0,0.05,0.3
The Walking Dead: Season Two,PS4,2014,Misc,Square Enix,0.13,0.09,0.03,0.05,0.3
Sword Art Online: Fatal Bullet,PS4,2018,Role-Playing,Namco Bandai Games,0.11,0.03,0.13,0.03,0.29
Naruto to Boruto: Shinobi Striker,PS4,2018,Action,Bandai Namco Games,0.19,0.03,0.02,0.05,0.29
Yooka-Laylee,PS4,2017,Platform,Sold Out,0.09,0.16,0.0,0.05,0.29
Cars 3: Driven to Win,PS4,2017,Racing,Warner Bros. Interactive Entertainment,0.06,0.18,0.01,0.04,0.29
Metal Gear Solid V: The Definitive Experience,PS4,2016,Action,Konami Digital Entertainment,0.13,0.08,0.03,0.04,0.29
Sherlock Holmes: Crimes & Punishments,PS4,2014,Adventure,Focus Home Interactive,0.1,0.14,0.0,0.05,0.29
Star Trek Bridge Crew VR,PS4,2017,Action,Ubisoft,0.11,0.12,0.0,0.05,0.28
The Heavy Rain and Beyond: Two Souls Collection,PS4,2016,Action,Sony Computer Entertainment,0.0,0.24,0.0,0.04,0.28
Spintires: MudRunner,PS4,2017,Simulation,Focus Home Interactive,0.11,0.12,0.0,0.05,0.28
Onechanbara Z2: Chaos,PS4,2014,Action,NIS America,0.16,0.03,0.05,0.04,0.28
Secret of Mana,PS4,2018,Role-Playing,Square Enix,0.06,0.12,0.05,0.04,0.28
Gundam Versus,PS4,2017,Action,Namco Bandai Games,0.08,0.0,0.18,0.02,0.28
NBA Live 14,PS4,2013,Sports,EA Sports,0.17,0.05,0.0,0.05,0.27
Bravo Team VR,PS4,2018,Shooter,Sony Interactive Entertainment,0.12,0.09,0.02,0.04,0.27
Killing Floor 2,PS4,2016,Shooter,Tripwire Interactive,0.19,0.03,0.0,0.05,0.27
Robinson: The Journey,PS4,2016,Action-Adventure,Sony Interactive Entertainment,0.14,0.09,0.0,0.05,0.27
DriveClub VR,PS4,2016,Racing,Sony Interactive Entertainment,0.12,0.09,0.01,0.04,0.27
Fate/Extella: The Umbral Star,PS4,2016,Action,PQube,0.12,0.0,0.12,0.03,0.27
Ultimate Marvel vs. Capcom 3,PS4,2017,Fighting,Capcom,0.19,0.0,0.02,0.04,0.26
New Danganronpa V3: Minna no Koroshiai Shin Gakki,PS4,2017,Adventure,NIS America,0.09,0.05,0.07,0.03,0.25
Samurai Warriors 4,PS4,2014,Fighting,Tecmo Koei,0.08,0.07,0.06,0.03,0.25
Darksiders III,PS4,2018,Action,THQ Nordic,0.13,0.07,0.0,0.04,0.25
NBA Live 15,PS4,2014,Sports,Electronic Arts,0.16,0.04,0.0,0.04,0.25
NBA Live 18,PS4,2017,Sports,EA Sports,0.2,0.0,0.0,0.05,0.24
Tearaway Unfolded,PS4,2015,Platform,Sony Computer Entertainment,0.07,0.13,0.0,0.04,0.24
.hack//G.U. Last Recode,PS4,2017,Role-Playing,Namco Bandai Games,0.1,0.04,0.08,0.03,0.24
Ride,PS4,2015,Racing,Milestone S.r.l.,0.04,0.13,0.03,0.03,0.24
Just Dance 2017,PS4,2016,Misc,Ubisoft,0.08,0.12,0.0,0.04,0.24
The Escapists 2,PS4,2017,Action,Sold Out,0.04,0.16,0.0,0.04,0.24
Transformers: Devastation,PS4,2015,Action,Activision,0.11,0.09,0.0,0.04,0.24
Darksiders II,PS4,2015,Action-Adventure,Nordic Games,0.1,0.1,0.0,0.04,0.24
Jikkyou Powerful Pro Baseball 2016,PS4,2016,Sports,Konami Digital Entertainment,0.0,0.0,0.24,0.0,0.24
The Elder Scrolls Online: Morrowind,PS4,2017,MMO,Bethesda Softworks,0.11,0.09,0.0,0.04,0.24
Digimon World: Next Order,PS4,2017,Role-Playing,Namco Bandai Games,0.13,0.05,0.02,0.04,0.24
theHunter: Call of the Wild,PS4,2017,Shooter,Astragon,0.19,0.0,0.0,0.04,0.24
Tony Hawk's Pro Skater 5,PS4,2015,Sports,Activision,0.11,0.08,0.0,0.04,0.23
Angry Birds: Star Wars,PS4,2013,Puzzle,Activision,0.11,0.09,0.0,0.04,0.23
Elex,PS4,2017,Role-Playing,THQ Nordic,0.03,0.16,0.0,0.04,0.23
RIGS: Mechanized Combat League,PS4,2016,Action,Sony Interactive Entertainment,0.11,0.06,0.02,0.04,0.23
Transformer: Rise of the Dark Spark,PS4,2014,Shooter,Activision,0.08,0.11,0.01,0.04,0.23
Dead Island Definitive Collection,PS4,2016,Action,Deep Silver,0.09,0.08,0.03,0.03,0.23
Metal Gear Survive,PS4,2018,Action,Konami Digital Entertainment,0.08,0.06,0.05,0.03,0.23
Singstar Celebration,PS4,2017,Music,Sony Interactive Entertainment,0.04,0.15,0.0,0.03,0.23
Dead by Daylight,PS4,2017,Action,505 Games,0.11,0.06,0.02,0.04,0.22
Attack on Titan 2,PS4,2018,Action,Koei Tecmo,0.09,0.04,0.06,0.03,0.22
The Wolf Among Us,PS4,2014,Adventure,Telltale Games,0.11,0.07,0.0,0.04,0.22
Micro Machines: World Series,PS4,2017,Racing,Codemasters,0.03,0.16,0.0,0.03,0.22
Bladestorm: Nightmare,PS4,2015,Action,Tecmo Koei,0.11,0.04,0.03,0.03,0.22
Zombie Army Trilogy,PS4,2015,Shooter,Rebellion Developments,0.06,0.13,0.0,0.03,0.22
Outlast Trinity,PS4,2017,Action,Warner Bros. Interactive Entertainment,0.09,0.09,0.0,0.04,0.22
EVE: Valkyrie,PS4,2016,Shooter,Sony Interactive Entertainment,0.11,0.06,0.0,0.04,0.21
Senran Kagura: Peach Beach Splash,PS4,2017,Action,PQube,0.09,0.02,0.08,0.02,0.21
Ys VIII: Lacrimosa of Dana,PS4,2017,Role-Playing,NIS America,0.08,0.04,0.08,0.02,0.21
Bound By Flame,PS4,2014,Action,Focus Home Interactive,0.08,0.09,0.0,0.04,0.21
NBA Live 16,PS4,2015,Sports,EA Sports,0.13,0.05,0.0,0.04,0.21
7 Days to Die,PS4,2016,Action,Telltale Games,0.09,0.08,0.0,0.03,0.21
Dynasty Warriors 8: Empires,PS4,2014,Misc,Tecmo Koei,0.07,0.07,0.04,0.03,0.21
Dragon's Dogma,PS4,2017,Role-Playing,Capcom,0.07,0.07,0.03,0.03,0.21
Godzilla (2015),PS4,2014,Action,Namco Bandai Games,0.11,0.03,0.03,0.03,0.2
Eagle Flight,PS4,2016,Adventure,Ubisoft,0.09,0.08,0.0,0.03,0.2
Agents of Mayhem,PS4,2017,Action,Deep Silver,0.08,0.08,0.0,0.03,0.2
MotoGP 14,PS4,2014,Racing,Milestone S.r.l.,0.05,0.11,0.0,0.03,0.2
Elite: Dangerous,PS4,2017,Simulation,Frontier Developments,0.06,0.1,0.0,0.03,0.19
Singstar: Ultimate Party,PS4,2014,Music,Sony Computer Entertainment,0.0,0.16,0.0,0.03,0.19
Toukiden Kiwami,PS4,2015,Action,Tecmo Koei,0.06,0.07,0.03,0.03,0.19
Batman: A Telltale Game Series,PS4,2016,Adventure,Telltale Games,0.09,0.07,0.0,0.03,0.19
The Surge,PS4,2017,Action,Koch Media,0.07,0.08,0.01,0.03,0.19
MotoGP 15,PS4,2015,Racing,Milestone S.r.l.,0.0,0.13,0.04,0.02,0.18
Resident Evil: Revelations,PS4,2017,Action,Capcom,0.06,0.06,0.04,0.02,0.18
Senran Kagura: Estival Versus,PS4,2015,Action,Marvelous Interactive,0.08,0.0,0.09,0.02,0.18
Back to the Future: The Game,PS4,2015,Adventure,Telltale Games,0.1,0.05,0.0,0.03,0.18
The Walking Dead - The Telltale Series: A New Frontier,PS4,2017,Adventure,Warner Bros. Interactive Entertainment,0.11,0.04,0.0,0.03,0.17
Resident Evil 6,PS4,2016,Shooter,Capcom,0.1,0.0,0.05,0.02,0.17
Final Fantasy XIV: Heavensward,PS4,2015,MMO,Square Enix,0.0,0.09,0.06,0.02,0.17
Final Fantasy XIV: Stormblood,PS4,2017,MMO,Square Enix,0.05,0.06,0.04,0.02,0.17
Guilty Gear Xrd: Sign,PS4,2014,Fighting,Arc System Works,0.11,0.0,0.04,0.02,0.17
Prototype: Biohazard Bundle,PS4,2016,Action,Activision,0.14,0.0,0.0,0.03,0.17
BlazBlue Central Fiction,PS4,2016,Fighting,PQube,0.1,0.0,0.05,0.02,0.17
MXGP 3: The Official Motocross Videogame,PS4,2017,Racing,Milestone,0.06,0.08,0.0,0.03,0.17
Ride 2,PS4,2016,Racing,Milestone S.r.l,0.07,0.06,0.01,0.03,0.16
Dead Rising 4,PS4,2017,Action-Adventure,Capcom,0.08,0.05,0.0,0.03,0.16
Putty Squad,PS4,2013,Platform,System 3,0.06,0.07,0.0,0.03,0.16
Digimon Story: Cyber Sleuth - Hacker's Memory,PS4,2017,Role-Playing,Namco Bandai Games,0.05,0.05,0.04,0.02,0.16
Battlezone,PS4,2016,Action,Sony Interactive Entertainment,0.09,0.04,0.0,0.03,0.16
Naruto Shippuden: Ultimate Ninja Storm Legacy,PS4,2017,Fighting,Namco Bandai Games,0.07,0.04,0.03,0.02,0.16
Berserk and the Band of the Hawk,PS4,2016,Action,Tecmo Koei,0.07,0.02,0.05,0.02,0.16
BlazBlue: Chrono Phantasma Extend,PS4,2015,Fighting,PQube,0.08,0.04,0.02,0.02,0.16
Pillars of Eternity,PS4,2017,Role-Playing,Paradox Interactive ,0.11,0.02,0.0,0.03,0.16
Valkyria: Azure Revolution,PS4,2017,Role-Playing,Deep Silver,0.04,0.03,0.07,0.02,0.16
Gravity Rush Remastered,PS4,2015,Action-Adventure,Sony Computer Entertainment,0.02,0.06,0.05,0.02,0.16
Psycho-Pass: Mandatory Happiness,PS4,2016,Visual Novel,NIS America,0.1,0.02,0.0,0.03,0.15
Brothers: A Tale of Two Sons,PS4,2015,Adventure,505 Games,0.04,0.09,0.0,0.02,0.15
Warriors Orochi 3,PS4,2014,Action,Tecmo Koei,0.04,0.05,0.04,0.02,0.15
Wasteland 2,PS4,2015,Role-Playing,Deep Silver,0.1,0.0,0.03,0.02,0.15
Atelier Sophie: The Alchemist of the Mysterious Book,PS4,2015,Role-Playing,Tecmo Koei,0.04,0.03,0.07,0.01,0.15
NASCAR Heat Evolution,PS4,2016,Racing,Dusenberry Martin Racing,0.12,0.0,0.0,0.03,0.15
Yakuza: Ishin,PS4,2014,Adventure,Sega,0.0,0.0,0.15,0.0,0.15
Toukiden 2,PS4,2016,Action,Tecmo Koei,0.04,0.0,0.1,0.01,0.15
Song of the Deep,PS4,2016,Action,Insomniac Games,0.12,0.0,0.0,0.03,0.15
Super Robot Wars V,PS4,2017,Role-Playing,Namco Bandai Games,0.0,0.0,0.15,0.0,0.15
Blue Reflection: Maboroshi ni Mau - Shoujo no Ken,PS4,2017,Role-Playing,Tecmo Koei,0.07,0.0,0.06,0.02,0.14
Yonmegami Online: Cyber Dimension Neptune,PS4,2017,Role-Playing,Idea Factory International,0.06,0.0,0.07,0.01,0.14
Grand Kingdom,PS4,2015,Role-Playing,NIS America,0.08,0.0,0.04,0.02,0.14
Arslan: The Warriors of Legend,PS4,2016,Action,Tecmo Koei,0.03,0.04,0.06,0.01,0.14
Pro Cycling Manager 2016,PS4,2016,Sports,Focus Home Interactive,0.0,0.12,0.0,0.02,0.14
Shovel Knight,PS4,2015,Platform,Yacht Club Games,0.08,0.04,0.0,0.02,0.14
Adventure Time: Finn & Jake Investigations,PS4,2015,Action,Little Orbit,0.07,0.05,0.0,0.02,0.14
Guilty Gear Xrd -Revelator-,PS4,2016,Fighting,PQube,0.06,0.0,0.07,0.01,0.14
We Happy Few,PS4,2018,Action-Adventure,Gearbox Software,0.08,0.04,0.0,0.02,0.14
Rocksmith 2014 Edition Remastered,PS4,2016,Music,Ubisoft,0.11,0.0,0.0,0.03,0.14
The Crew: Wild Run,PS4,2015,Racing,Ubisoft,0.0,0.12,0.0,0.02,0.14
MXGP 2,PS4,2016,Racing,Milestone S.r.l.,0.05,0.06,0.0,0.02,0.14
MotoGP 17,PS4,2017,Racing,Koch Media,0.04,0.07,0.0,0.02,0.14
Fairy Fencer F: Advent Dark Force,PS4,2015,Role-Playing,Idea Factory International,0.06,0.0,0.06,0.01,0.14
Samurai Warriors 4-II,PS4,2015,Action,Tecmo Koei,0.04,0.02,0.07,0.01,0.13
The Golf Club,PS4,2014,Sports,Ravenscourt,0.09,0.02,0.0,0.02,0.13
Hatsune Miku: Project Diva X,PS4,2016,Music,Sega,0.08,0.0,0.04,0.02,0.13
NASCAR Heat 2,PS4,2017,Racing,505 Games,0.11,0.0,0.0,0.02,0.13
Bulletstorm: Full Clip Edition,PS4,2017,Shooter,Gearbox Software,0.05,0.06,0.0,0.02,0.13
Valentino Rossi: The Game,PS4,2016,Racing,Namco Bandai Games,0.05,0.05,0.0,0.02,0.13
Golf Club 2,PS4,2017,Sports,Maximum Games,0.05,0.06,0.0,0.02,0.13
Akiba's Trip 2,PS4,2014,Action,Acquire,0.09,0.0,0.02,0.02,0.13
Rugby 15,PS4,2015,Sports,Bigben Interactive,0.05,0.06,0.0,0.02,0.13
Utawarerumono: Futari no Hakuoro,PS4,2016,Visual Novel,Atlus,0.05,0.0,0.07,0.01,0.13
The Legend of Heroes: Trails of Cold Steel III,PS4,2017,Role-Playing,Nihon Falcom Corporation,0.0,0.0,0.13,0.0,0.13
Utawarerumono: Itsuwari no Kamen,PS4,2015,Adventure,Deep Silver,0.05,0.0,0.07,0.01,0.13
The Inpatient,PS4,2018,Action,Sony Interactive Entertainment,0.06,0.05,0.0,0.02,0.13
Don Bradman Cricket 14,PS4,2015,Sports,Tru Blu Entertainment,0.01,0.09,0.0,0.02,0.13
Sword Art Online: Hollow Fragment,PS4,2015,Role-Playing,Namco Bandai Games,0.0,0.11,0.0,0.02,0.12
Teenage Mutant Ninja Turtles: Mutants in Manhattan,PS4,2016,Action,Activision,0.07,0.03,0.0,0.02,0.12
Job Simulator,PS4,2017,Simulation,Sony Interactive Entertainment,0.1,0.0,0.0,0.02,0.12
Portal Knights,PS4,2017,Role-Playing,505 Games,0.02,0.05,0.03,0.01,0.12
Samurai Warriors 4: Empires,PS4,2015,Action,Tecmo Koei,0.03,0.01,0.07,0.01,0.12
Danganronpa 1o2 Reload,PS4,2017,Adventure,NIS America,0.08,0.0,0.02,0.02,0.12
God Eater 2: Rage Burst,PS4,2015,Role-Playing,Namco Bandai Games,0.0,0.01,0.11,0.0,0.12
America's Greatest Game Shows: Wheel of Fortune & Jeopardy!,PS4,2017,Misc,Ubisoft,0.1,0.0,0.0,0.02,0.12
Marvel's Guardians of the Galaxy: The Telltale Series,PS4,2017,Adventure,Warner Bros. Interactive Entertainment,0.06,0.04,0.0,0.02,0.12
Digimon Story: Cyber Sleuth,PS4,2016,Role-Playing,Namco Bandai Games,0.0,0.1,0.0,0.02,0.11
Constructor HD,PS4,2017,Strategy,System 3,0.09,0.0,0.0,0.02,0.11
Minecraft: Story Mode - Season Two,PS4,2017,Adventure,Telltale Games,0.09,0.0,0.0,0.02,0.11
Darksiders: Warmastered Edition,PS4,2016,Action-Adventure,THQ Nordic,0.07,0.02,0.0,0.02,0.11
Mighty No. 9,PS4,2016,Platform,Deep Silver,0.09,0.0,0.0,0.02,0.11
The Invisible Hours,PS4,2017,Adventure,GameTrust,0.09,0.0,0.0,0.02,0.11
Monster Energy Supercross - The Official Videogame,PS4,2018,Racing,Milestone S.r.l.,0.08,0.01,0.0,0.02,0.11
The Idolmaster: Platinum Stars,PS4,2016,Simulation,Namco Bandai Games,0.0,0.0,0.11,0.0,0.11
The Witch and the Hundred Knight,PS4,2015,Role-Playing,NIS America,0.03,0.01,0.06,0.01,0.11
SD Gundam G Generation Genesis,PS4,2016,Strategy,Namco Bandai Games,0.0,0.0,0.11,0.0,0.11
Rime,PS4,2017,Adventure,Grey Box,0.02,0.07,0.0,0.02,0.11
Super Robot Wars OG: The Moon Dwellers,PS4,2016,Misc,Namco Bandai Games,0.0,0.0,0.11,0.0,0.11
Gundam Breaker 3,PS4,2016,Action,Namco Bandai Games,0.0,0.0,0.11,0.0,0.11
Earth Defense Force 2025.1: The Shadow of New Despair,PS4,2015,Shooter,D3Publisher,0.0,0.0,0.11,0.0,0.11
Shadow Warrior (2013),PS4,2014,Shooter,Devolver Digital,0.0,0.09,0.0,0.02,0.11
Assassin's Creed Chronicles,PS4,2016,Action,Ubisoft,0.02,0.05,0.02,0.01,0.11
Mega Man Legacy Collection,PS4,2016,Platform,Capcom,0.09,0.0,0.0,0.02,0.11
Pac-Man Championship Edition 2 + Arcade Game Series,PS4,2017,Action,Namco Bandai Games,0.08,0.0,0.0,0.02,0.1
Tokyo Xanadu eX+,PS4,2016,Role-Playing,Nihon Falcom Corporation,0.05,0.0,0.05,0.01,0.1
Stardew Valley,PS4,2017,Simulation,505 Games,0.04,0.04,0.0,0.02,0.1
Romance of the Three Kingdoms 13,PS4,2015,Action,Tecmo Koei,0.03,0.0,0.06,0.01,0.1
Musou Stars,PS4,2017,Action,Tecmo Koei,0.03,0.0,0.06,0.01,0.1
Mega Man Legacy Collection 2,PS4,2017,Action,Capcom,0.06,0.0,0.02,0.01,0.1
Final Fantasy XIV Online Complete Edition,PS4,2017,MMO,Square Enix,0.07,0.0,0.02,0.02,0.1
Devil May Cry 4,PS4,2015,Action,Capcom,0.01,0.0,0.09,0.0,0.1
Puyo Puyo Tetris,PS4,2014,Puzzle,Sega,0.05,0.03,0.0,0.02,0.1
Natural Doctrine,PS4,2014,Role-Playing,NIS America,0.05,0.02,0.02,0.01,0.1
Sudden Strike 4,PS4,2017,Strategy,Kalypso Media,0.05,0.03,0.01,0.02,0.1
Accel World vs. Sword Art Online: Millennium Twilight,PS4,2017,Action,Namco Bandai Games,0.0,0.03,0.06,0.01,0.1
Wolfenstein The Two Pack,PS4,2017,Shooter,Bethesda Softworks,0.08,0.0,0.0,0.02,0.1
Guilty Gear Xrd REV 2,PS4,2017,Fighting,PQube,0.04,0.01,0.03,0.01,0.1
Ultra Street Fighter IV,PS4,,Fighting,Unknown,0.0,0.08,0.0,0.01,0.1
Let's Sing 2016,PS4,2015,Music,Ravenscourt,0.08,0.0,0.0,0.02,0.1
Resident Evil 4 HD,PS4,2016,Action-Adventure,Capcom,0.07,0.0,0.01,0.02,0.1
Nights of Azure 2,PS4,2017,Action,Tecmo Koei,0.04,0.0,0.04,0.01,0.09
The Technomancer,PS4,2016,Role-Playing,Focus Home Interactive,0.04,0.04,0.0,0.02,0.09
Nights of Azure,PS4,2015,Action,Tecmo Koei,0.04,0.04,0.0,0.02,0.09
Taiko no Tatsujin: Drum Session!,PS4,2017,Music,Namco Bandai Games,0.0,0.0,0.09,0.0,0.09
Nobunaga's Ambition: Sphere of Influence - Sengoku Risshiden,PS4,2016,Strategy,Tecmo Koei,0.03,0.0,0.06,0.01,0.09
Grand Ages: Medieval,PS4,2015,Strategy,Kalypso Media,0.0,0.05,0.03,0.01,0.09
Rugby League Live 4,PS4,2017,Sports,Tru Blu Entertainment,0.0,0.08,0.0,0.01,0.09
Toy Soldiers: War Chest,PS4,2015,Action,Ubisoft,0.07,0.0,0.0,0.02,0.09
God Eater Resurrection,PS4,2015,Action,Namco Bandai Games,0.0,0.0,0.09,0.0,0.09
Paragon,PS4,2016,Action,Sony Interactive Entertainment,0.07,0.0,0.0,0.02,0.09
Summon Night 6: Lost Borders,PS4,2016,Role-Playing,Gaijinworks,0.03,0.0,0.05,0.01,0.09
Black Rose Valkyrie,PS4,2016,Role-Playing,Idea Factory International,0.04,0.0,0.04,0.01,0.09
Duke Nukem 3D: 20th Anniversary World Tour,PS4,2016,Shooter,Gearbox Software,0.07,0.0,0.0,0.02,0.09
ATV Drift & Tricks,PS4,2017,Racing,Funbox Media,0.07,0.0,0.0,0.02,0.09
Yoru no Nai Kuni,PS4,2015,Role-Playing,Tecmo Koei,0.0,0.0,0.09,0.0,0.09
Lara Croft and the Temple of Osiris,PS4,2014,Action,Square Enix,0.0,0.07,0.0,0.01,0.09
Dragon's Dogma Online,PS4,,Role-Playing,Unknown,0.0,0.0,0.09,0.0,0.09
Ghostbusters (2016),PS4,2016,Action,Activision,0.07,0.0,0.0,0.02,0.08
Agatha Christie's The ABC Murders,PS4,2016,Adventure,Microids,0.05,0.02,0.0,0.02,0.08
Shantae: Half-Genie Hero,PS4,2016,Platform,Xseed Games,0.06,0.0,0.01,0.01,0.08
Earth Defense Force 4.1: The Shadow of New Despair,PS4,2015,Shooter,PQube,0.05,0.02,0.0,0.01,0.08
The Sexy Brutale,PS4,2017,Adventure,Badland Studio,0.05,0.02,0.0,0.01,0.08
Legend of Kay,PS4,2015,Action,Nordic Games,0.03,0.03,0.0,0.01,0.08
Hasbro Family Fun Pack Conquest Edition,PS4,2016,Misc,Ubisoft,0.07,0.0,0.0,0.02,0.08
Loading Human,PS4,2016,Adventure,Maximum Games,0.05,0.02,0.0,0.01,0.08
Rapala Fishing Pro Series,PS4,2017,Simulation,GameMill,0.06,0.0,0.0,0.02,0.08
Atelier Firis: The Alchemist of the Mysterious Journey,PS4,2016,Role-Playing,Tecmo Koei,0.02,0.0,0.05,0.01,0.08
Dead Rising,PS4,2016,Action,Capcom,0.04,0.0,0.02,0.01,0.08
Assetto Corsa,PS4,2016,Racing,505 Games,0.0,0.06,0.01,0.01,0.08
Akiba's Beat,PS4,2016,Action,PQube,0.05,0.0,0.01,0.01,0.08
WRC 6,PS4,2016,Racing,PQube,0.03,0.02,0.01,0.01,0.08
God Wars: Future Past,PS4,2017,Role-Playing,NIS America,0.03,0.01,0.02,0.01,0.07
Resident Evil 5 HD,PS4,2016,Action,Capcom,0.05,0.0,0.01,0.01,0.07
The Witch and the Hundred Knights 2,PS4,2017,Role-Playing,Nippon Ichi Software,0.03,0.0,0.03,0.01,0.07
Samurai Warriors: Sanada Maru,PS4,2016,Action,Tecmo Koei,0.02,0.0,0.05,0.01,0.07
Project Setsuna,PS4,2016,Role-Playing,Square Enix,0.0,0.0,0.07,0.0,0.07
Has-Been Heroes,PS4,2017,Action,GameTrust,0.06,0.0,0.0,0.01,0.07
Fortune Street: Dragon Quest & Final Fantasy 30th Anniversary,PS4,2017,Misc,Square Enix,0.0,0.0,0.07,0.0,0.07
Styx: Shards of Darknes,PS4,2017,Action,Focus Home Interactive,0.06,0.0,0.0,0.01,0.07
Dead Rising 2,PS4,2016,Action,Capcom,0.04,0.0,0.02,0.01,0.07
The Book of Unwritten Tales 2,PS4,2015,Adventure,Nordic Games,0.0,0.06,0.0,0.01,0.07
Touhou Genso Rondo: Bullet Ballet,PS4,2016,Shooter,NIS America,0.06,0.0,0.0,0.01,0.07
The Walking Dead: A Telltale Series Collection,PS4,2017,Adventure,Warner Bros. Interactive Entertainment,0.06,0.0,0.0,0.01,0.07
The Silver Case,PS4,2017,Visual Novel,NIS America,0.05,0.0,0.01,0.01,0.07
Hunting Simulator,PS4,2017,Shooter,Bigben Interactive,0.06,0.0,0.0,0.01,0.07
WRC 7,PS4,2017,Racing,Bigben Interactive,0.06,0.0,0.0,0.01,0.07
Kamen Rider: Battride War Genesis,PS4,2016,Action,Namco Bandai Games,0.0,0.0,0.07,0.0,0.07
Le Tour de France 2017,PS4,2017,Simulation,Focus Home Interactive,0.0,0.06,0.0,0.01,0.07
City Shrouded in Shadow,PS4,2017,Action-Adventure,Namco Bandai Games,0.0,0.0,0.07,0.0,0.07
SG/ZH: School Girl/Zombie Hunter,PS4,2017,Action,Aksys Games,0.04,0.0,0.02,0.01,0.07
Broken Sword 5: The Serpent's Curse,PS4,2015,Adventure,Revolution Software,0.0,0.06,0.0,0.01,0.07
Terraria,PS4,2014,Action,505 Games,0.0,0.05,0.01,0.01,0.07
Warhammer: The End Times - Vermintide,PS4,2016,Action,Games Workshop,0.03,0.03,0.0,0.01,0.07
Batman: The Enemy Within,PS4,2017,Adventure,Telltale Games,0.05,0.0,0.0,0.01,0.07
Atari Flashback Classics: Volume 1,PS4,2016,Misc,Atari,0.05,0.0,0.0,0.01,0.07
Legend of Kay Anniversary,PS4,2015,Action,Nordic Games,0.0,0.06,0.0,0.01,0.07
Steins;Gate 0,PS4,2015,Adventure,PQube,0.0,0.0,0.07,0.0,0.07
ZombiU,PS4,2016,Action,Ubisoft,0.0,0.04,0.01,0.01,0.07
Risen 3: Titan Lords,PS4,2015,Role-Playing,Deep Silver,0.0,0.06,0.0,0.01,0.07
Mark McMorris Infinite Air,PS4,2016,Sports,Maximum Games,0.05,0.0,0.0,0.01,0.06
Dead or Alive Xtreme 3: Fortune,PS4,2016,Sports,Tecmo Koei,0.0,0.0,0.06,0.0,0.06
Birthdays the Beginning,PS4,2017,Misc,NIS America,0.05,0.0,0.0,0.01,0.06
Rugby 18,PS4,2017,Sports,Koch Media,0.05,0.0,0.0,0.01,0.06
The Binding of Isaac,PS4,2017,Misc,Nicalis,0.05,0.0,0.0,0.01,0.06
Sherlock Holmes: The Devil's Daughter,PS4,2016,Adventure,Bigben Interactive,0.05,0.0,0.0,0.01,0.06
Atelier Liddy and Soeur: Alchemists of the Mysterious Painting,PS4,2017,Role-Playing,Tecmo Koei,0.03,0.0,0.03,0.01,0.06
MX vs. ATV Supercross Encore,PS4,2015,Sports,Nordic Games,0.0,0.05,0.0,0.01,0.06
MX vs ATV Supercross Encore 2017 Track Edition,PS4,2017,Racing,THQ Nordic,0.05,0.0,0.0,0.01,0.06
Sword Art Online: Game Director's Edition,PS4,2015,Role-Playing,Namco Bandai Games,0.0,0.0,0.06,0.0,0.06
Deformers,PS4,2017,Action,Ready at Dawn,0.05,0.0,0.0,0.01,0.06
Nobunaga no Yabou: Souzou,PS4,2014,Strategy,Tecmo Koei,0.0,0.0,0.06,0.0,0.06
Dragon Quest X: All in One Package,PS4,2017,Role-Playing,Square Enix,0.0,0.0,0.06,0.0,0.06
Yomawari: Midnight Shadows,PS4,2017,Action,NIS America,0.02,0.0,0.04,0.0,0.06
Game of Thrones (Telltale),PS4,2015,Adventure,Telltale Games,0.05,0.0,0.0,0.01,0.06
Atari Flashback Classics: Volume 2,PS4,2016,Misc,Atari,0.05,0.0,0.0,0.01,0.06
Outcast: Second Contact,PS4,2017,Adventure,Maximum Games,0.05,0.0,0.0,0.01,0.06
Cartoon Network Battle Crashers,PS4,2016,Action,Maximum Games,0.05,0.0,0.0,0.01,0.06
Handball 16,PS4,2015,Sports,Bigben Interactive,0.0,0.05,0.0,0.01,0.06
Extinction,PS4,2018,Action,Maximum Games,0.05,0.0,0.0,0.01,0.06
Rugby World Cup 2015,PS4,2015,Sports,Big Ben Interactive,0.0,0.05,0.0,0.01,0.06
Exist Archive: The Other Side of the Sky,PS4,2015,Role-Playing,Aksys Games,0.02,0.0,0.03,0.0,0.06
King's Quest: The Complete Collection,PS4,2016,Adventure,Activision,0.05,0.0,0.0,0.01,0.06
Sine Mora,PS4,2017,Action,THQ Nordic,0.03,0.01,0.0,0.01,0.06
Aven Colony,PS4,2017,Strategy,Sold Out,0.04,0.01,0.0,0.01,0.06
Battle Chasers: Nightwar,PS4,2017,Role-Playing,THQ Nordic,0.03,0.02,0.0,0.01,0.06
WRC 5: FIA World Rally Championship,PS4,2015,Racing,Bigben Interactive,0.0,0.05,0.0,0.01,0.06
Black Mirror,PS4,2017,Adventure,THQ Nordic,0.04,0.0,0.0,0.01,0.05
Touhou Genso Wanderer,PS4,2017,Action,NIS America,0.04,0.0,0.0,0.01,0.05
Arcania: Gothic 4,PS4,2015,Role-Playing,Nordic Games,0.04,0.0,0.0,0.01,0.05
Starblood Arena VR,PS4,2017,Shooter,Sony Interactive Entertainment,0.04,0.0,0.0,0.01,0.05
Hellblade,PS4,2018,Action-Adventure,505 Games,0.03,0.01,0.0,0.01,0.05
Bubsy: The Woolies Strike Back,PS4,2017,Platform,Accolade,0.04,0.0,0.0,0.01,0.05
Nitroplus Blasterz: Heroines Infinite Duel,PS4,2015,Fighting,Marvelous Interactive,0.01,0.01,0.03,0.0,0.05
Nobunaga's Ambition: Creation,PS4,2014,Strategy,Tecmo Koei,0.04,0.0,0.0,0.01,0.05
Child of Light,PS4,2014,Role-Playing,Ubisoft,0.0,0.01,0.04,0.0,0.05
Phantasy Star Online 2 Episode 4: Deluxe Package,PS4,2017,Role-Playing,Sega,0.0,0.0,0.05,0.0,0.05
Saints Row: Gat out of Hell,PS4,2015,Action,Deep Silver,0.0,0.04,0.0,0.01,0.05
Werewolves Within,PS4,2016,Misc,Ubisoft,0.04,0.0,0.0,0.01,0.05
Demon Gaze 2,PS4,2017,Role-Playing,NIS America,0.04,0.0,0.0,0.01,0.05
Real Farm,PS4,2017,Simulation,Soedesco,0.04,0.0,0.0,0.01,0.05
Worms: WMD,PS4,2016,Strategy,Team17 Digital Ltd,0.02,0.02,0.0,0.01,0.05
Syberia III,PS4,2017,Adventure,Microids,0.04,0.0,0.0,0.01,0.05
Sengoku Basara: Sanada Yukimura-Den,PS4,2016,Action,Capcom,0.0,0.0,0.05,0.0,0.05
Sengoku Basara 4: Sumeragi,PS4,2015,Action,Capcom,0.0,0.0,0.05,0.0,0.05
Sébastien Loeb Rally Evo,PS4,2016,Racing,Milestone S.r.l,0.0,0.04,0.0,0.01,0.05
Don't Starve,PS4,2018,Adventure,505 Games,0.04,0.0,0.0,0.01,0.05
Monster Jam: Crush It,PS4,2016,Racing,GameMill,0.04,0.0,0.0,0.01,0.05
Prison Architect,PS4,2016,Simulation,Introversion Software,0.02,0.02,0.0,0.01,0.05
Assault Suit Leynos,PS4,2016,Shooter,Rising Star Games,0.04,0.0,0.0,0.01,0.05
Tokyo Twilight Ghost Hunters Daybreak: Special Gigs,PS4,2016,Adventure,NIS America,0.04,0.0,0.0,0.01,0.05
Overcooked,PS4,2016,Action,Sold Out,0.04,0.0,0.0,0.01,0.05
Ben 10 (2017),PS4,2017,Action,Outright Games,0.04,0.0,0.0,0.01,0.05
Dead Alliance,PS4,2017,Shooter,Maximum Games,0.04,0.0,0.0,0.01,0.04
Deer Hunter Reloaded,PS4,2017,Shooter,Maximum Games,0.04,0.0,0.0,0.01,0.04
That's You,PS4,2017,Party,Sony Interactive Entertainment,0.04,0.0,0.0,0.01,0.04
Raid: World War II,PS4,2017,Shooter,505 Games,0.04,0.0,0.0,0.01,0.04
Hyperdimension Neptunia Victory II,PS4,2015,Role-Playing,Idea Factory International,0.0,0.0,0.04,0.0,0.04
Zero Escape The Nonary Games,PS4,2017,Adventure,Aksys Games,0.03,0.0,0.01,0.01,0.04
Rugby Challenge 3,PS4,2016,Sports,Alternative Software,0.0,0.04,0.0,0.01,0.04
Vikings: Wolves of Midgard,PS4,2017,Action,Kalypso Media,0.03,0.01,0.0,0.01,0.04
INSIDE / LIMBO Double Pack,PS4,2017,Platform,505 Games,0.04,0.0,0.0,0.01,0.04
The Talos Principle,PS4,2015,Puzzle,Nighthawk Interactive,0.0,0.04,0.0,0.01,0.04
Megadimension Neptunia VIIR,PS4,2017,Role-Playing,Compile Heart,0.01,0.0,0.03,0.0,0.04
R.B.I. Baseball 2016,PS4,2016,Sports,MLB.com,0.04,0.0,0.0,0.01,0.04
Pure Farming 2018,PS4,2018,Simulation,Techland,0.02,0.01,0.0,0.01,0.04
Air Conflicts: Secret Wars,PS4,2016,Simulation,Nighthawk Interactive,0.03,0.0,0.0,0.01,0.04
Anima - Gate of Memories,PS4,2016,Action,Avanquest,0.01,0.02,0.0,0.01,0.04
Axiom Verge,PS4,2017,Action,Badland Studio,0.03,0.0,0.0,0.01,0.04
Unbox: Newbie's Adventure,PS4,2017,Action,Merge Games,0.03,0.0,0.0,0.01,0.04
Here They Lie,PS4,2016,Adventure,Sony Interactive Entertainment,0.0,0.03,0.0,0.01,0.04
Under Night In-Birth Exe:Latest,PS4,2017,Fighting,Arc System Works,0.01,0.0,0.03,0.0,0.04
Aragami,PS4,2016,Action,Maximum Games,0.03,0.0,0.0,0.01,0.04
Yonder: The Cloud Catcher Chronicles,PS4,2017,Action,CokeM Interactive,0.03,0.0,0.0,0.01,0.04
Assassin's Creed Chronicles: China,PS4,2015,Action-Adventure,Ubisoft,0.0,0.03,0.0,0.01,0.04
JoJo's Bizarre Adventure: Eyes of Heaven,PS4,2015,Fighting,Namco Bandai Games,0.0,0.0,0.04,0.0,0.04
Dungeons 3,PS4,2017,Strategy,Kalypso Media,0.03,0.0,0.0,0.01,0.04
Tour de France 2014,PS4,2014,Sports,Focus Home Interactive,0.0,0.03,0.0,0.01,0.04
Danganronpa Another Episode: Ultra Despair Girls,PS4,2017,Shooter,NIS America,0.03,0.0,0.01,0.01,0.04
Aegis of Earth: Protonovus Assault,PS4,2016,Action,PQube,0.03,0.01,0.0,0.01,0.04
Just Sing,PS4,2016,Music,Ubisoft,0.03,0.0,0.0,0.01,0.04
Wonder Boy: The Dragon's Trap (Remake),PS4,2018,Platform,Nicalis,0.03,0.0,0.0,0.01,0.04
Lumo,PS4,2016,Puzzle,Rising Star Games,0.03,0.0,0.0,0.01,0.04
ABZU,PS4,2017,Adventure,505 Games,0.03,0.0,0.0,0.01,0.04
Shadow Tactics: Blades of the Shogun,PS4,2017,Strategy,Kalypso Media,0.02,0.01,0.0,0.01,0.04
Darkest Dungeon,PS4,2018,Role-Playing,Merge Games,0.02,0.0,0.01,0.01,0.04
R.B.I. Baseball 2017,PS4,2017,Sports,MLB.com,0.03,0.0,0.0,0.01,0.04
Punch Line,PS4,2015,Adventure,5pb,0.03,0.0,0.0,0.01,0.04
VR Karts,PS4,2017,Racing,Perp Games,0.03,0.0,0.0,0.01,0.04
Resident Evil: Umbrella Corps,PS4,2016,Shooter,Capcom,0.0,0.0,0.04,0.0,0.04
Marvel Pinball: Epic Collection Volume 1,PS4,2016,Puzzle,Nighthawk Interactive,0.03,0.0,0.0,0.01,0.04
God Eater Off Shot: Lindow-hen Twin Pack & Animation Vol. 2,PS4,2015,Misc,Namco Bandai Games,0.0,0.0,0.04,0.0,0.04
Infamous: First Light,PS4,2014,Action,Sony Computer Entertainment,0.0,0.03,0.0,0.0,0.03
Raiden V,PS4,2017,Action,UFO Interactive,0.02,0.0,0.0,0.01,0.03
The Peanuts Movie: Snoopy's Grand Adventure,PS4,2015,Platform,Activision,0.0,0.03,0.0,0.0,0.03
The Dwarves,PS4,2016,Role-Playing,THQ Nordic,0.03,0.0,0.0,0.01,0.03
Dynasty Warriors: Eiketsuden,PS4,2016,Strategy,Tecmo Koei,0.0,0.0,0.03,0.0,0.03
Winning Post 8 2016,PS4,2016,Simulation,Tecmo Koei,0.0,0.0,0.03,0.0,0.03
Dragon's Dogma Online: Season 2,PS4,2016,Action,Capcom,0.0,0.0,0.03,0.0,0.03
Coven and Labyrinth of Refrain,PS4,2017,Action,Nippon Ichi Software,0.01,0.0,0.01,0.0,0.03
Super Dungeon Bros,PS4,2016,Action,Wired Productions,0.02,0.0,0.0,0.01,0.03
Blade Arcus from Shining EX,PS4,2015,Fighting,Sega,0.0,0.0,0.03,0.0,0.03
Troll and I,PS4,2017,Action,Maximum Games,0.02,0.0,0.0,0.01,0.03
The Pillars of the Earth,PS4,2017,Adventure,Kalypso Media,0.02,0.0,0.0,0.01,0.03
The Lost Child,PS4,2017,Action,Kadokawa Games,0.01,0.0,0.01,0.0,0.03
Romance of the Three Kingdoms 13 with Power-Up Kit,PS4,2017,Misc,Tecmo Koei,0.0,0.0,0.03,0.0,0.03
Koihime Enbu,PS4,2016,Fighting,Yeti,0.0,0.0,0.03,0.0,0.03
Road Rage,PS4,2017,Racing,Maximum Games,0.02,0.0,0.0,0.01,0.03
Winning Post 8 2017,PS4,2017,Misc,Tecmo Koei,0.0,0.0,0.03,0.0,0.03
Dino Dini's Kick Off Revival,PS4,2016,Sports,Avanquest,0.0,0.02,0.0,0.0,0.03
God Eater Off Shot:Shiou-hen Twin Pack & Animation Vol.5,PS4,2016,Misc,Namco Bandai Games,0.0,0.0,0.03,0.0,0.03
Tumblestone,PS4,2016,Puzzle,Nighthawk Interactive,0.02,0.0,0.0,0.01,0.03
Blackguards 2,PS4,2017,Strategy,Kalypso Media,0.02,0.0,0.0,0.01,0.03
Baja: Edge of Control HD,PS4,2017,Racing,THQ Nordic,0.02,0.0,0.0,0.01,0.03
Crows: Burning Edge,PS4,2016,Action,Namco Bandai Games,0.0,0.0,0.03,0.0,0.03
Geometry Wars 3: Dimensions Evolved,PS4,2016,Action,Activision,0.02,0.0,0.0,0.01,0.03
We Sing (2016),PS4,2016,Music,THQ Nordic,0.02,0.0,0.0,0.01,0.03
Shin Hayarigami 2,PS4,2016,Adventure,Nippon Ichi Software,0.0,0.0,0.03,0.0,0.03
The Town of Light,PS4,2017,Adventure,Wired Productions,0.02,0.0,0.0,0.01,0.03
OlliOlli: Epic Combo Edition,PS4,2016,Platform,Badland Studio,0.02,0.0,0.0,0.01,0.03
Naruto Shippuden Ultimate Ninja Storm 4: Road to Boruto,PS4,2017,Fighting,Namco Bandai Games,0.0,0.0,0.03,0.0,0.03
This War of Mine,PS4,,Action,Unknown,0.0,0.02,0.0,0.0,0.03
Ao no Kanata no Four Rhythm,PS4,2017,Visual Novel,Sprite,0.0,0.0,0.03,0.0,0.03
Zero Escape: Zero Time Dilemma,PS4,2017,Adventure,Aksys Games,0.02,0.0,0.0,0.0,0.03
AereA,PS4,2017,Role-Playing,Soedesco,0.02,0.0,0.0,0.0,0.03
Root Letter,PS4,2016,Visual Novel,PQube,0.0,0.0,0.03,0.0,0.03
ClaDun Sengoku,PS4,2017,Action,NIS America,0.02,0.0,0.0,0.0,0.03
The Girl and the Robot,PS4,2017,Misc,Soedesco,0.02,0.0,0.0,0.0,0.03
Omega Quintet,PS4,2014,Role-Playing,Compile Heart,0.0,0.0,0.02,0.0,0.03
Touhou Kobuto V: Burst Battle,PS4,2017,Shooter,NIS America,0.02,0.0,0.0,0.0,0.03
God Eater Off Shot: Soma Shikkuzaru-hen Twin Pack & Animation Vol.4,PS4,2016,Action,Namco Bandai Games,0.0,0.0,0.02,0.0,0.02
Rugby League Live 3,PS4,2015,Sports,Tru Blu Entertainment,0.0,0.02,0.0,0.0,0.02
Omega Labyrinth Z,PS4,2017,Role-Playing,D3Publisher,0.0,0.0,0.02,0.0,0.02
Lost Sphear,PS4,2017,Role-Playing,Square Enix,0.0,0.0,0.02,0.0,0.02
Superbeat: Xonic,PS4,2017,Music,PM Studios,0.02,0.0,0.0,0.0,0.02
Republique,PS4,2016,Action-Adventure,Gunho Online Entertainment,0.0,0.01,0.01,0.0,0.02
Super Stardust Ultra VR,PS4,2016,Shooter,Sony Interactive Entertainment,0.0,0.02,0.0,0.0,0.02
Redout,PS4,2017,Racing,505 Games,0.02,0.0,0.0,0.0,0.02
Resident Evil: Value Pack,PS4,2016,Action-Adventure,Capcom,0.0,0.0,0.02,0.0,0.02
God Eater Off Shot: Tachibana Sakuya-hen Twin Pack & Animation Vol.7,PS4,2016,Action,Namco Bandai Games,0.0,0.0,0.02,0.0,0.02
PaRappa the Rapper Remastered,PS4,2017,Music,Sony Interactive Entertainment,0.0,0.0,0.02,0.0,0.02
Earth's Dawn,PS4,2016,Action,Rising Star Games,0.02,0.0,0.0,0.0,0.02
Big Buck Hunter Arcade,PS4,2016,Shooter,GameMill Entertainment,0.02,0.0,0.0,0.0,0.02
Dungeons 2,PS4,2016,Role-Playing,Kalypso Media,0.02,0.0,0.0,0.0,0.02
Tricky Towers,PS4,2017,Puzzle,Soedesco,0.02,0.0,0.0,0.0,0.02
No Heroes Allowed! VR,PS4,2017,Strategy,Sony Interactive Entertainment,0.0,0.0,0.02,0.0,0.02
ArmaGallant: Decks of Destiny,PS4,2017,Strategy,Maximum Games,0.02,0.0,0.0,0.0,0.02
Carmageddon: Max Damage,PS4,2016,Action,Stainless Games,0.02,0.0,0.0,0.0,0.02
Armello,PS4,2018,Strategy,League of Geeks,0.02,0.0,0.0,0.0,0.02
Shaq-Fu: A Legend Reborn,PS4,2018,Action,Wired Productions,0.02,0.0,0.0,0.0,0.02
Patapon Remastered,PS4,2017,Music,Sony Interactive Entertainment,0.0,0.0,0.02,0.0,0.02
Monster Hunter Frontier Z: Beginner's Package,PS4,2016,Action,Capcom,0.0,0.0,0.02,0.0,0.02
Professional Farmer 2016,PS4,2015,Action,Namco Bandai Games,0.0,0.02,0.0,0.0,0.02
Natsuiro High School: Seishun Hakusho,PS4,2015,Action,D3Publisher,0.0,0.0,0.02,0.0,0.02
The Inner World: The Last Wind Monk,PS4,2017,Puzzle,Kalypso Media,0.02,0.0,0.0,0.0,0.02
SteamWorld Collection,PS4,2016,Misc,Rising Star Games,0.02,0.0,0.0,0.0,0.02
Konoyo no Hate de Koi o Utau Shoujo: Yu-No,PS4,2017,Visual Novel,5pb,0.0,0.0,0.02,0.0,0.02
God Eater Off Shot: Fujiki Kota-hen Twin Pack & Animation Vol.6,PS4,2016,Misc,Namco Bandai Games,0.0,0.0,0.02,0.0,0.02
Genkai Tokki: Castle Panzers,PS4,2017,Role-Playing,Compile Heart,0.0,0.0,0.02,0.0,0.02
Skullgirls: 2nd Encore,PS4,2016,Fighting,Arc System Works,0.0,0.0,0.02,0.0,0.02
This Is The Police,PS4,2017,Simulation,THQ Nordic,0.01,0.0,0.0,0.0,0.02
Rabbids Invasion: The Interactive TV Show,PS4,2014,Misc,Ubisoft,0.0,0.01,0.0,0.0,0.02
FlatOut 4: Total Insanity,PS4,2017,Racing,Bigben Interactive,0.01,0.0,0.0,0.0,0.02
Chaos;Child,PS4,2015,Visual Novel,PQube,0.0,0.0,0.02,0.0,0.02
Touhou Shinhiroku: Urban Legend in Limbo,PS4,2016,Fighting,Mediascape,0.0,0.0,0.02,0.0,0.02
Rogue Trooper: Redux,PS4,2017,Shooter,Rebellion,0.01,0.0,0.0,0.0,0.02
Space Hulk: Deathwing,PS4,2015,Shooter,Focus Home Interactive,0.0,0.01,0.0,0.0,0.02
Pharaonic,PS4,2017,Action,Soedesco,0.01,0.0,0.0,0.0,0.02
White Day,PS4,2017,Action,PQube,0.0,0.01,0.01,0.0,0.02
Torment: Tides of Numenera,PS4,2017,Role-Playing,Techland,0.01,0.0,0.0,0.0,0.01
Let It Die,PS4,2017,Action,GungHo,0.0,0.01,0.01,0.0,0.01
Summer Lesson: Miyamoto Hikari Collection,PS4,2017,Adventure,Namco Bandai Games,0.0,0.0,0.01,0.0,0.01
Raven's Cry,PS4,2015,Role-Playing,TopWare Interactive,0.0,0.01,0.0,0.0,0.01
New Game! The Challenge Stage!,PS4,2017,Adventure,5pb,0.0,0.0,0.01,0.0,0.01
Hakoniwa Company Works,PS4,2017,Strategy,Nippon Ichi Software,0.0,0.0,0.01,0.0,0.01
DJ Max Respect,PS4,2017,Misc,Arc System Works,0.0,0.0,0.01,0.0,0.01
Battle Worlds: Kronos,PS4,2016,Strategy,Nordic Games,0.01,0.0,0.0,0.0,0.01
Dragon's Dogma Online: Season 3,PS4,2017,Role-Playing,Capcom,0.0,0.0,0.01,0.0,0.01
Occultic;Nine,PS4,2017,Adventure,5pb,0.0,0.0,0.01,0.0,0.01
Kono Subarashii Sekai ni Shukufuku o! Kono Yokubukai Game ni Shinpan o!,PS4,2017,Adventure,5pb,0.0,0.0,0.01,0.0,0.01
Battle Garegga Rev.2016,PS4,2016,Strategy,M2,0.0,0.0,0.01,0.0,0.01
Yahari Game Demo Ore no Seishun Love-Kome wa Machigatteiru. & Zoku: Oatome Set,PS4,2017,Adventure,5pb,0.0,0.0,0.01,0.0,0.01
Farming 2017 - The Simulation,PS4,2016,Simulation,UIG Entertainment,0.0,0.01,0.0,0.0,0.01
Re:Zero - Kara Hajimeru Isekai Seikatsu - Death or Kiss,PS4,2017,Adventure,5pb,0.0,0.0,0.01,0.0,0.01
Zombie Vikings,PS4,2016,Action,Rising Star Games,0.0,0.01,0.0,0.0,0.01
ATV Renegades,PS4,2017,Racing,Nighthawk Interactive,0.01,0.0,0.0,0.0,0.01
Ziggurat,PS4,2016,Shooter,Soedesco,0.0,0.01,0.0,0.0,0.01
Chaos;Child: Love Chu Chu!!,PS4,2017,Visual Novel,5pb,0.0,0.0,0.01,0.0,0.01
Moto Racer 4,PS4,2016,Racing,PQube,0.01,0.0,0.0,0.0,0.01
LocoRoco Remastered,PS4,2017,Platform,Sony Interactive Entertainment,0.0,0.0,0.01,0.0,0.01
Lock's Quest,PS4,2017,Strategy,THQ Nordic,0.01,0.0,0.0,0.0,0.01
Gal Gun: Double Peace,PS4,2015,Action,PQube,0.0,0.0,0.01,0.0,0.01
Woodcutter Simulator 2016,PS4,2015,Action,Namco Bandai Games,0.0,0.01,0.0,0.0,0.01
Akiba's Trip 2+A,PS4,2017,Adventure,Acquire,0.0,0.0,0.01,0.0,0.01
Date-A-Live Twin Edition: Rio Reincarnation,PS4,2017,Adventure,Compile Heart,0.0,0.0,0.01,0.0,0.01
Valhalla Hills,PS4,2017,Strategy,Kalypso Media,0.01,0.0,0.0,0.0,0.01
Deception IV: Blood Ties,PS4,2015,Action,Tecmo Koei,0.0,0.0,0.01,0.0,0.01
One Piece: Unlimited World Red,PS4,2017,Action,Namco Bandai Games,0.0,0.0,0.01,0.0,0.01
Hyper Light Drifter,PS4,2017,Role-Playing,Active Gaming Media,0.0,0.0,0.01,0.0,0.01
Teslagrad,PS4,2014,Platform,Rain Games,0.0,0.01,0.0,0.0,0.01
Darius Burst: Chronicle Saviours,PS4,2017,Action,Kadokawa Games,0.0,0.0,0.01,0.0,0.01
The Escapists: The Walking Dead,PS4,2016,Action,Team17 Software,0.0,0.0,0.0,0.0,0.01
Super Meat Boy,PS4,2016,Platform,Team Meat,0.0,0.0,0.0,0.0,0.01
Grand Theft Auto V,XOne,2014,Action,Rockstar Games,4.7,3.25,0.01,0.76,8.72
Call of Duty: Black Ops 3,XOne,2015,Shooter,Activision,4.63,2.04,0.02,0.68,7.37
Call of Duty: WWII,XOne,2017,Shooter,Activision,3.75,1.91,0.0,0.57,6.23
Red Dead Redemption 2,XOne,2018,Action-Adventure,Rockstar Games,3.76,1.47,0.0,0.54,5.77
MineCraft,XOne,2014,Misc,Microsoft Studios,3.23,1.71,0.0,0.49,5.43
Call of Duty: Advanced Warfare,XOne,2014,Shooter,Activision,3.25,1.49,0.01,0.48,5.22
Battlefield 1,XOne,2016,Shooter,Electronic Arts,3.37,1.26,0.02,0.48,5.13
Fallout 4,XOne,2015,Role-Playing,Bethesda Softworks,2.94,1.62,0.02,0.45,5.03
Halo 5: Guardians,XOne,2015,Shooter,Microsoft Studios,2.94,1.49,0.03,0.45,4.92
Call of Duty: Infinite Warfare,XOne,2016,Shooter,Activision,2.91,1.44,0.0,0.44,4.79
Star Wars Battlefront (2015),XOne,2015,Shooter,Electronic Arts,2.49,1.26,0.02,0.38,4.15
Forza Horizon 3,XOne,2016,Racing,Microsoft Studios,1.64,1.96,0.02,0.32,3.93
FIFA 17,XOne,2016,Sports,Electronic Arts,1.04,2.4,0.0,0.27,3.71
Gears of War: Ultimate Edition,XOne,2015,Shooter,Microsoft Studios,2.88,0.37,0.0,0.37,3.62
Assassin's Creed: Unity,XOne,2014,Action,Ubisoft,2.34,0.9,0.0,0.34,3.58
Halo: The Master Chief Collection,XOne,2014,Shooter,Microsoft Studios,2.06,1.04,0.03,0.31,3.44
Destiny,XOne,2014,Shooter,Activision,2.17,0.92,0.0,0.32,3.41
Gears of War 4,XOne,2016,Shooter,Microsoft Studios,2.17,0.9,0.0,0.32,3.38
FIFA 16,XOne,2015,Sports,EA Sports,0.92,2.1,0.0,0.24,3.25
FIFA 18,XOne,2017,Sports,EA Sports,0.98,1.92,0.0,0.23,3.14
Titanfall,XOne,2014,Shooter,Electronic Arts,1.88,0.91,0.04,0.28,3.11
Call of Duty: Ghosts,XOne,2013,Shooter,Activision,1.92,0.86,0.0,0.28,3.07
Overwatch,XOne,2016,Shooter,Blizzard Entertainment,1.63,0.84,0.0,0.25,2.72
Tom Clancy's Rainbow Six: Siege,XOne,2015,Shooter,Ubisoft,1.62,0.84,0.0,0.25,2.71
Tom Clancy's The Division,XOne,2016,Shooter,Ubisoft,1.54,0.82,0.0,0.24,2.59
Assassin's Creed Origins,XOne,2017,Action,Ubisoft,1.34,0.92,0.0,0.22,2.47
Madden NFL 16,XOne,2015,Sports,EA Sports,2.13,0.08,0.0,0.26,2.47
Madden NFL 17,XOne,2016,Sports,EA Sports,2.14,0.04,0.0,0.26,2.44
NBA 2K16,XOne,2015,Sports,2K Sports,2.01,0.15,0.0,0.25,2.41
Forza Motorsport 5,XOne,2013,Racing,Microsoft Studios,1.28,0.9,0.01,0.21,2.4
Destiny 2,XOne,2017,Shooter,Activision,1.66,0.47,0.0,0.23,2.35
Assassin's Creed IV: Black Flag,XOne,2013,Action,Ubisoft,1.51,0.59,0.0,0.22,2.32
FIFA 15,XOne,2014,Sports,EA Sports,0.64,1.39,0.0,0.16,2.19
PlayerUnknown's Battlegrounds,XOne,2017,Shooter,Microsoft Studios,1.29,0.69,0.0,0.2,2.17
Battlefield 4,XOne,2013,Shooter,Electronic Arts,1.26,0.65,0.0,0.19,2.09
NBA 2K17,XOne,2016,Sports,2K Sports,1.7,0.12,0.0,0.21,2.04
Forza Motorsport 6,XOne,2015,Racing,Microsoft Studios,0.9,0.92,0.04,0.16,2.02
NBA 2K18,XOne,2017,Sports,2K Sports,1.67,0.14,0.0,0.21,2.02
Star Wars Battlefront II (2017),XOne,2017,Shooter,Electronic Arts,1.15,0.59,0.0,0.17,1.92
Madden NFL 18,XOne,2017,Sports,EA Sports,1.63,0.07,0.0,0.2,1.91
The Elder Scrolls V: Skyrim,XOne,2016,Role-Playing,Bethesda Softworks,1.13,0.53,0.0,0.17,1.83
Far Cry 5,XOne,2018,Action,Ubisoft,1.14,0.47,0.0,0.17,1.78
Mortal Kombat X,XOne,2015,Fighting,Warner Bros. Interactive Entertainment,1.34,0.23,0.0,0.18,1.74
NBA 2K15,XOne,2014,Sports,2K Sports,1.39,0.18,0.0,0.18,1.74
The Witcher 3: Wild Hunt,XOne,2015,Role-Playing,Namco Bandai Games,0.97,0.61,0.01,0.15,1.74
Far Cry 4,XOne,2014,Shooter,Ubisoft,0.85,0.68,0.02,0.14,1.68
Watch Dogs,XOne,2014,Action-Adventure,Ubisoft,0.91,0.59,0.0,0.15,1.64
Dead Rising 3,XOne,2013,Action,Microsoft Studios,1.06,0.4,0.01,0.15,1.63
Tom Clancy's Ghost Recon Wildlands,XOne,2017,Shooter,Ubisoft,0.98,0.48,0.0,0.15,1.61
Madden NFL 15,XOne,2014,Sports,EA Sports,1.34,0.1,0.0,0.17,1.6
Rise of the Tomb Raider,XOne,2015,Adventure,Square Enix,0.61,0.82,0.03,0.12,1.58
Batman: Arkham Knight,XOne,2015,Action,Warner Bros. Interactive Entertainment,0.97,0.46,0.0,0.14,1.58
Forza Motorsport 7,XOne,2017,Racing,Microsoft Studios,0.58,0.81,0.01,0.12,1.52
Dying Light,XOne,2015,Action,Warner Bros. Interactive Entertainment,1.01,0.31,0.01,0.14,1.47
Ryse,XOne,2013,Action,Microsoft Studios,0.84,0.49,0.0,0.13,1.47
Forza Horizon 2,XOne,2014,Racing,Microsoft Studios,0.56,0.79,0.01,0.11,1.46
Doom (2016),XOne,2016,Shooter,Bethesda Softworks,0.76,0.57,0.0,0.13,1.45
Assassin's Creed Syndicate,XOne,2015,Action,Ubisoft,0.71,0.61,0.0,0.12,1.44
Middle-Earth: Shadow of Mordor,XOne,2014,Action,Warner Bros. Interactive Entertainment,0.77,0.52,0.01,0.12,1.42
Rocket League,XOne,2016,Sports,505 Games,0.52,0.75,0.0,0.11,1.38
The Elder Scrolls Online,XOne,2015,MMO,Bethesda Softworks,0.86,0.39,0.0,0.13,1.38
Titanfall 2,XOne,2016,Shooter,Electronic Arts,0.88,0.37,0.0,0.13,1.37
Watch Dogs 2,XOne,2016,Action,Ubisoft,0.71,0.53,0.0,0.12,1.35
FIFA Soccer 14,XOne,2013,Sports,EA Sports,0.44,0.78,0.0,0.1,1.31
Destiny: The Taken King,XOne,2015,Shooter,Activision,0.91,0.23,0.0,0.12,1.27
Battlefield: Hardline,XOne,2015,Shooter,Electronic Arts,0.73,0.39,0.01,0.11,1.24
Sunset Overdrive,XOne,2014,Action,Microsoft Studios,0.64,0.42,0.0,0.1,1.16
Middle-Earth: Shadow of War,XOne,2017,Action,Warner Bros. Interactive Entertainment,0.75,0.29,0.0,0.11,1.15
Lego Marvel Super Heroes,XOne,2013,Action,Warner Bros. Interactive Entertainment,0.61,0.44,0.0,0.1,1.15
Final Fantasy XV,XOne,2016,Role-Playing,Square Enix,0.72,0.3,0.01,0.11,1.14
Mafia III,XOne,2016,Action-Adventure,2K Games,0.54,0.48,0.0,0.09,1.11
Diablo III,XOne,2014,Role-Playing,Blizzard Entertainment,0.62,0.32,0.0,0.09,1.04
Just Cause 3,XOne,2015,Action-Adventure,Square Enix,0.52,0.41,0.0,0.09,1.01
Far Cry: Primal,XOne,2016,Action-Adventure,Ubisoft,0.51,0.41,0.0,0.09,1.0
Dragon Age III: Inquisition,XOne,2014,Role-Playing,Electronic Arts,0.63,0.27,0.0,0.09,0.99
Sea of Thieves,XOne,2018,Action-Adventure,Microsoft Studios,0.6,0.27,0.0,0.09,0.96
NBA 2K14,XOne,2013,Sports,2K Sports,0.72,0.12,0.0,0.09,0.94
Monster Hunter: World,XOne,2018,Action,Capcom,0.67,0.17,0.0,0.09,0.93
Injustice 2,XOne,2017,Fighting,Warner Bros. Interactive Entertainment,0.65,0.16,0.0,0.09,0.89
Resident Evil VII: Biohazard,XOne,2017,Action,Capcom,0.51,0.3,0.0,0.08,0.89
For Honor,XOne,2017,Action,Ubisoft,0.57,0.21,0.0,0.08,0.87
Dishonored 2,XOne,2016,Action,Bethesda Softworks,0.47,0.31,0.0,0.08,0.86
Plants vs. Zombies: Garden Warfare 2,XOne,2016,Shooter,Electronic Arts,0.47,0.32,0.0,0.08,0.86
Madden NFL 25,XOne,2013,Sports,EA Sports,0.69,0.06,0.0,0.09,0.83
Metal Gear Solid V: The Phantom Pain,XOne,2015,Action,Konami Digital Entertainment,0.49,0.25,0.02,0.07,0.83
Guitar Hero Live,XOne,2015,Music,Activision,0.52,0.23,0.0,0.08,0.83
Dark Souls III,XOne,2016,Role-Playing,Namco Bandai Games,0.56,0.15,0.0,0.08,0.79
LEGO Jurassic World,XOne,2015,Action,Warner Bros. Interactive Entertainment,0.44,0.27,0.0,0.07,0.78
Rare Replay,XOne,2015,Misc,Microsoft Studios,0.42,0.27,0.01,0.07,0.78
Mass Effect: Andromeda,XOne,2017,Role-Playing,Electronic Arts,0.5,0.2,0.0,0.07,0.78
Minecraft: Story Mode,XOne,2015,Adventure,Mojang,0.46,0.24,0.0,0.07,0.77
Fortnite,XOne,2017,Action,Gearbox Software,0.6,0.09,0.0,0.08,0.77
Quantum Break,XOne,2016,Action,Microsoft Studios,0.42,0.25,0.02,0.07,0.76
Wolfenstein: The New Order,XOne,2014,Shooter,Bethesda Softworks,0.39,0.3,0.0,0.06,0.75
Rock Band 4,XOne,2015,Music,Harmonix Music Systems,0.62,0.05,0.0,0.08,0.75
Need for Speed (2015),XOne,2015,Racing,Electronic Arts,0.35,0.33,0.0,0.06,0.74
The Sims 4,XOne,2017,Simulation,Electronic Arts,0.42,0.24,0.0,0.07,0.73
Need for Speed: Payback,XOne,2017,Racing,Electronic Arts,0.42,0.24,0.0,0.07,0.73
Dead Rising 4,XOne,2016,Action-Adventure,Microsoft Studios,0.41,0.25,0.0,0.06,0.73
LEGO Dimensions,XOne,2015,Action,Warner Bros. Interactive Entertainment,0.47,0.18,0.0,0.07,0.72
The Crew,XOne,2014,Racing,Ubisoft,0.32,0.34,0.0,0.06,0.71
Plants vs Zombies: Garden Warfare,XOne,2014,Shooter,Electronic Arts,0.39,0.25,0.0,0.06,0.71
Need for Speed Rivals,XOne,2013,Racing,Electronic Arts,0.45,0.19,0.0,0.07,0.7
Wolfenstein II: The New Colossus,XOne,2017,Shooter,Bethesda Softworks,0.45,0.19,0.0,0.07,0.7
The Evil Within,XOne,2014,Misc,Bethesda Softworks,0.36,0.27,0.0,0.06,0.69
LEGO Worlds,XOne,2017,Misc,Warner Bros. Interactive Entertainment,0.28,0.35,0.0,0.05,0.69
Borderlands: The Handsome Collection,XOne,2015,Shooter,2K Games,0.49,0.13,0.0,0.07,0.68
Evolve,XOne,2015,Shooter,2K Games,0.4,0.2,0.0,0.06,0.67
WWE 2K18,XOne,2017,Sports,2K Sports,0.35,0.25,0.0,0.06,0.66
Tomb Raider (2013),XOne,2014,Action-Adventure,Square Enix,0.38,0.22,0.0,0.06,0.66
The LEGO Movie Videogame,XOne,2014,Action-Adventure,Warner Bros. Interactive Entertainment,0.42,0.17,0.0,0.06,0.65
WWE 2K16,XOne,2015,Sports,Take-Two Interactive,0.34,0.24,0.0,0.06,0.63
Kinect Sports Rivals,XOne,2014,Sports,Microsoft Studios,0.3,0.25,0.02,0.05,0.62
South Park: The Fractured But Whole,XOne,2017,Role-Playing,Ubisoft,0.4,0.17,0.0,0.06,0.62
WWE 2K15,XOne,2014,Sports,2K Sports,0.32,0.23,0.0,0.05,0.61
EA Sports UFC 2,XOne,2016,Sports,EA Sports,0.36,0.19,0.0,0.06,0.61
NHL 17,XOne,2016,Sports,EA Sports,0.52,0.01,0.0,0.06,0.6
Tekken 7,XOne,2017,Fighting,Namco Bandai Games,0.3,0.23,0.0,0.05,0.58
LEGO Marvel Super Heroes 2,XOne,2017,Action,Warner Bros. Interactive Entertainment,0.32,0.2,0.0,0.05,0.57
WWE 2K17,XOne,2016,Sports,2K Games,0.26,0.26,0.0,0.05,0.57
Disney Infinity 2.0: Marvel Super Heroes,XOne,2014,Action-Adventure,Disney Interactive Studios,0.35,0.15,0.0,0.05,0.55
Just Dance 2015,XOne,2014,Music,Ubisoft,0.36,0.13,0.0,0.05,0.54
Dragon Ball Fighter Z,XOne,2018,Fighting,Namco Bandai Games,0.38,0.09,0.0,0.05,0.52
Alien: Isolation,XOne,2014,Adventure,Sega,0.23,0.25,0.0,0.04,0.52
Halo Wars 2,XOne,2017,Strategy,Microsoft Studios,0.31,0.15,0.0,0.05,0.51
NHL 16,XOne,2015,Sports,EA Sports,0.41,0.05,0.0,0.05,0.51
Lego Star Wars: The Force Awakens,XOne,2016,Action-Adventure,Warner Bros. Interactive Entertainment,0.24,0.22,0.0,0.04,0.5
Mad Max (2013),XOne,2015,Action,Warner Bros. Interactive Entertainment,0.29,0.16,0.0,0.05,0.5
LEGO Marvel's Avengers,XOne,2016,Action,Warner Bros. Interactive Entertainment,0.26,0.18,0.0,0.04,0.48
Zoo Tycoon (2013),XOne,2013,Simulation,Microsoft Studios,0.25,0.18,0.0,0.04,0.48
Steep,XOne,2016,Sports,Ubisoft,0.24,0.2,0.0,0.04,0.48
Thief 4,XOne,2014,Action,Square Enix,0.26,0.17,0.0,0.04,0.48
Just Dance 2014,XOne,2013,Music,Ubisoft,0.31,0.12,0.0,0.04,0.48
EA Sports UFC,XOne,2014,Fighting,Electronic Arts,0.3,0.13,0.0,0.04,0.48
BioShock The Collection,XOne,2016,Shooter,2K Games,0.35,0.08,0.0,0.05,0.48
Dragon Ball: Xenoverse 2,XOne,2016,Action,Namco Bandai Games,0.33,0.09,0.0,0.05,0.47
ARK: Survival Evolved,XOne,2017,Action-Adventure,Studio Wildcard,0.3,0.12,0.0,0.04,0.46
Disney Infinity 3.0,XOne,2015,Action,Disney Interactive Studios,0.3,0.12,0.0,0.04,0.46
Prey (2017),XOne,2017,Shooter,Bethesda Softworks,0.21,0.2,0.0,0.04,0.45
Skylanders: Trap Team,XOne,2014,Platform,Activision,0.34,0.07,0.0,0.04,0.45
Lego Batman 3: Beyond Gotham,XOne,2014,Action,Warner Bros. Interactive Entertainment,0.24,0.17,0.0,0.04,0.44
EA Sports UFC 3,XOne,2018,Sports,EA Sports,0.3,0.1,0.0,0.04,0.44
Rocksmith 2014,XOne,2014,Music,Ubisoft,0.31,0.08,0.0,0.04,0.43
Sniper Elite 3,XOne,2014,Shooter,505 Games,0.27,0.12,0.0,0.04,0.43
Hello Neighbor,XOne,2017,Action,Gearbox Software,0.27,0.11,0.0,0.04,0.42
NHL 15,XOne,2014,Sports,EA Sports,0.32,0.06,0.0,0.04,0.42
Project CARS,XOne,2015,Racing,Bandai Namco Games,0.21,0.16,0.0,0.04,0.41
Destiny: The Collection,XOne,2016,Shooter,Activision,0.25,0.12,0.0,0.04,0.41
Skylanders: SuperChargers,XOne,2015,Action-Adventure,Activision,0.31,0.05,0.0,0.04,0.4
Deus Ex: Mankind Divided,XOne,2016,Role-Playing,Square Enix,0.25,0.11,0.0,0.04,0.39
NHL 18,XOne,2017,Sports,EA Sports,0.32,0.03,0.0,0.04,0.39
The Evil Within II,XOne,2017,Action,Bethesda Softworks,0.25,0.1,0.0,0.04,0.39
Rayman Legends,XOne,2014,Platform,Ubisoft,0.13,0.22,0.0,0.03,0.38
Just Dance 2016,XOne,2015,Music,Ubisoft,0.3,0.04,0.0,0.04,0.38
Skylanders SWAP Force,XOne,2013,Misc,Activision,0.25,0.07,0.0,0.03,0.35
Naruto Shippuden: Ultimate Ninja Storm 4,XOne,2016,Fighting,Namco Bandai Games,0.25,0.07,0.0,0.03,0.35
Dragon Ball: XenoVerse,XOne,2015,Fighting,Namco Bandai Games,0.21,0.11,0.0,0.03,0.35
Marvel vs. Capcom: Infinite,XOne,2017,Fighting,Capcom,0.26,0.05,0.0,0.03,0.34
Just Dance 2017,XOne,2016,Music,Ubisoft,0.25,0.05,0.0,0.03,0.34
The Lego Ninjago Movie Videogame,XOne,2017,Action,Warner Bros. Interactive Entertainment,0.21,0.09,0.0,0.03,0.33
The Crew 2,XOne,2018,Racing,Ubisoft,0.2,0.1,0.0,0.03,0.33
Farming Simulator 17,XOne,2016,Simulation,Focus Home Interactive,0.19,0.11,0.0,0.03,0.33
METRO 2033,XOne,2014,Shooter,Deep Silver,0.15,0.14,0.0,0.03,0.31
Hitman (2016),XOne,2017,Action,Square Enix,0.2,0.08,0.0,0.03,0.31
LEGO City Undercover,XOne,2017,Platform,Warner Bros. Interactive Entertainment,0.15,0.12,0.0,0.03,0.3
Final Fantasy Type-0,XOne,2015,Role-Playing,Square Enix,0.2,0.07,0.0,0.03,0.3
Sniper Elite 4,XOne,2017,Shooter,Rebellion Developments,0.18,0.09,0.0,0.03,0.3
Sonic Forces,XOne,2017,Platform,Sega,0.15,0.11,0.0,0.03,0.29
Dark Souls II,XOne,2015,Role-Playing,Namco Bandai Games,0.19,0.07,0.0,0.03,0.28
Battleborn,XOne,2016,Shooter,2K Games,0.2,0.05,0.0,0.03,0.28
Rory McIlroy PGA Tour,XOne,2015,Sports,Electronic Arts,0.16,0.09,0.0,0.02,0.28
Assassin's Creed The Ezio Collection,XOne,2016,Action,Ubisoft,0.13,0.12,0.0,0.02,0.27
LEGO The Hobbit,XOne,2014,Action-Adventure,Warner Bros. Interactive Entertainment,0.13,0.13,0.0,0.02,0.27
Metal Gear Solid: Ground Zeroes,XOne,2014,Action-Adventure,Konami Digital Entertainment,0.13,0.13,0.0,0.02,0.27
Minecraft: Story Mode - Season Two,XOne,2017,Adventure,Telltale Games,0.17,0.08,0.0,0.02,0.27
Skylanders Imaginators,XOne,2016,Platform,Activision,0.19,0.05,0.0,0.03,0.27
Friday the 13th: The Game,XOne,2017,Action,Gun Media,0.21,0.03,0.0,0.03,0.27
ReCore,XOne,2016,Action-Adventure,Microsoft Studios,0.16,0.06,0.01,0.02,0.26
F1 2015,XOne,2015,Racing,Codemasters,0.09,0.15,0.0,0.02,0.25
L.A. Noire,XOne,2017,Adventure,Rockstar Games,0.14,0.09,0.0,0.02,0.25
Trials Fusion,XOne,2014,Racing,Ubisoft,0.12,0.1,0.0,0.02,0.25
Call of Duty: Modern Warfare Remastered,XOne,2017,Shooter,Activision,0.16,0.06,0.0,0.02,0.24
Zumba Fitness: World Party,XOne,2013,Misc,Majesco Entertainment,0.17,0.05,0.0,0.02,0.24
Saints Row IV,XOne,2015,Action,Deep Silver,0.13,0.09,0.0,0.02,0.24
Farming Simulator 2015,XOne,2015,Simulation,Koch Media,0.13,0.09,0.0,0.02,0.24
A Way Out,XOne,2018,Action,Electronic Arts,0.17,0.05,0.0,0.02,0.24
NBA Live 14,XOne,2013,Sports,EA Sports,0.19,0.02,0.0,0.02,0.24
Payday 2,XOne,2015,Shooter,505 Games,0.14,0.07,0.0,0.02,0.23
DiRT 4,XOne,2017,Racing,Codemasters,0.11,0.1,0.0,0.02,0.23
NBA Live 15,XOne,2014,Sports,Electronic Arts,0.18,0.02,0.0,0.02,0.22
F1 2016 (Codemasters),XOne,2016,Racing,Codemasters,0.09,0.12,0.0,0.02,0.22
Deadpool,XOne,2015,Action,Activision,0.17,0.03,0.0,0.02,0.22
The Amazing Spider-Man 2 (2014),XOne,2014,Action-Adventure,Activision,0.12,0.08,0.0,0.02,0.22
Kingdom Come: Deliverance,XOne,2018,Role-Playing,Deep Silver,0.14,0.06,0.0,0.02,0.22
Lords of the Fallen,XOne,2014,Role-Playing,Square Enix,0.1,0.1,0.0,0.02,0.22
Super Lucky's Tale,XOne,2017,Platform,Microsoft Studios,0.13,0.07,0.0,0.02,0.22
DiRT Rally,XOne,2016,Racing,Codemasters,0.12,0.08,0.0,0.02,0.21
Just Dance 2018,XOne,2017,Music,Ubisoft,0.15,0.04,0.0,0.02,0.21
Homefront: The Revolution,XOne,2016,Shooter,Deep Silver,0.1,0.09,0.0,0.02,0.21
State of Decay,XOne,2015,Action-Adventure,Microsoft Studios,0.14,0.05,0.0,0.02,0.21
NBA Live 18,XOne,2017,Sports,EA Sports,0.18,0.0,0.0,0.02,0.21
theHunter: Call of the Wild,XOne,2017,Shooter,Astragon,0.18,0.0,0.0,0.02,0.21
Sleeping Dogs,XOne,2014,Action-Adventure,Square Enix,0.1,0.09,0.0,0.02,0.2
Project CARS 2,XOne,2017,Racing,Namco Bandai Games,0.01,0.18,0.0,0.01,0.2
Batman: Return to Arkham,XOne,2016,Action,Warner Bros. Interactive Entertainment,0.12,0.06,0.0,0.02,0.2
Dishonored,XOne,2015,Action,Bethesda Softworks,0.13,0.05,0.0,0.02,0.19
One Piece: Burning Blood,XOne,2016,Fighting,Namco Bandai Games,0.11,0.07,0.0,0.02,0.19
Fantasia: Music Evolved,XOne,2014,Music,Disney Interactive Studios,0.14,0.03,0.0,0.02,0.19
Mirror's Edge 2,XOne,2016,Platform,Electronic Arts,0.11,0.06,0.0,0.02,0.19
Dance Central: Spotlight,XOne,,Music,Unknown,0.15,0.03,0.0,0.0,0.19
Naruto to Boruto: Shinobi Striker,XOne,2018,Action,Bandai Namco Games,0.17,0.0,0.0,0.02,0.19
XCOM 2,XOne,2016,Strategy,2K Games,0.15,0.02,0.0,0.02,0.19
F1 2017,XOne,2017,Racing,Koch Media,0.04,0.13,0.0,0.01,0.19
Shape Up,XOne,2014,Sports,Ubisoft,0.08,0.09,0.0,0.01,0.18
Cities: Skylines,XOne,2017,Simulation,Deep Silver,0.13,0.03,0.0,0.02,0.18
Sniper: Ghost Warrior 3,XOne,2017,Shooter,City Interactive,0.11,0.05,0.0,0.02,0.18
Project Spark (Working Title),XOne,2014,Misc,Microsoft Studios,0.11,0.05,0.0,0.02,0.17
Rush: A Disney Pixar Adventure,XOne,2017,Adventure,Microsoft Studios,0.15,0.0,0.0,0.02,0.17
Fighter Within,XOne,2013,Fighting,Ubisoft,0.08,0.07,0.0,0.01,0.17
Murdered: Soul Suspect,XOne,2014,Action-Adventure,Square Enix,0.08,0.07,0.0,0.01,0.17
Pac-Man Championship Edition 2 + Arcade Game Series,XOne,2016,Action,Namco Bandai Games,0.15,0.0,0.0,0.02,0.16
Angry Birds: Star Wars,XOne,2013,Puzzle,Activision,0.11,0.04,0.0,0.02,0.16
Little Nightmares,XOne,2017,Platform,Namco Bandai Games,0.12,0.03,0.0,0.02,0.16
The Walking Dead: Season One,XOne,2014,Adventure,Telltale Games,0.08,0.06,0.0,0.01,0.16
Wolfenstein: The Old Blood,XOne,2015,Shooter,Bethesda Softworks,0.07,0.07,0.0,0.01,0.15
Pro Evolution Soccer 2015,XOne,2014,Sports,Konami Digital Entertainment,0.04,0.1,0.0,0.01,0.15
Transformer: Rise of the Dark Spark,XOne,2014,Shooter,Activision,0.1,0.03,0.0,0.01,0.15
The Escapists 2,XOne,2017,Action,Sold Out,0.05,0.08,0.0,0.01,0.15
Transformers: Devastation,XOne,2015,Action,Activision,0.1,0.04,0.0,0.01,0.15
Spintires: MudRunner,XOne,2017,Simulation,Focus Home Interactive,0.11,0.02,0.0,0.01,0.15
DmC: Devil May Cry,XOne,2015,Action,Capcom,0.09,0.04,0.0,0.01,0.15
Attack on Titan (KOEI),XOne,2016,Action,Tecmo Koei,0.06,0.07,0.0,0.01,0.15
Tony Hawk's Pro Skater 5,XOne,2015,Sports,Activision,0.11,0.02,0.0,0.01,0.14
Naruto Shippuden: Ultimate Ninja Storm Legacy,XOne,2017,Fighting,Namco Bandai Games,0.11,0.02,0.0,0.01,0.14
The Walking Dead: Season Two,XOne,2014,Misc,Telltale Games,0.08,0.05,0.0,0.01,0.14
Resident Evil: Revelations 2,XOne,2015,Action,Capcom,0.1,0.02,0.0,0.01,0.14
Dishonored: Death of the Outsider,XOne,2017,Action,Bethesda Softworks,0.07,0.06,0.0,0.01,0.14
Ultimate Marvel vs. Capcom 3,XOne,2017,Fighting,Capcom,0.12,0.0,0.0,0.01,0.14
The Elder Scrolls Online: Morrowind,XOne,2017,MMO,Bethesda Softworks,0.09,0.03,0.0,0.01,0.14
Hasbro Family Fun Pack,XOne,2015,Misc,Ubisoft,0.1,0.02,0.0,0.01,0.13
Rocksmith 2014 Edition Remastered,XOne,2016,Music,Ubisoft,0.12,0.0,0.0,0.01,0.13
Song of the Deep,XOne,2016,Action,Insomniac Games,0.12,0.0,0.0,0.01,0.13
NBA Live 16,XOne,2015,Sports,EA Sports,0.11,0.01,0.0,0.01,0.13
Outlast Trinity,XOne,2017,Action,Warner Bros. Interactive Entertainment,0.1,0.02,0.0,0.01,0.13
Sonic Mania,XOne,2017,Platform,Sega,0.09,0.03,0.0,0.01,0.13
Dead by Daylight,XOne,2017,Action,505 Games,0.08,0.03,0.0,0.01,0.12
Darksiders III,XOne,2018,Action,THQ Nordic,0.11,0.0,0.0,0.01,0.12
Vampyr,XOne,2018,Role-Playing,Focus Home Interactive,0.07,0.04,0.0,0.01,0.12
The Walking Dead - The Telltale Series: A New Frontier,XOne,2017,Adventure,Warner Bros. Interactive Entertainment,0.1,0.01,0.0,0.01,0.12
NASCAR Heat 2,XOne,2017,Racing,505 Games,0.11,0.0,0.0,0.01,0.12
Life is Strange,XOne,2016,Adventure,Square Enix,0.08,0.03,0.0,0.01,0.12
Wolfenstein The Two Pack,XOne,2017,Shooter,Bethesda Softworks,0.11,0.0,0.0,0.01,0.12
The Surge,XOne,2017,Action,Koch Media,0.07,0.04,0.0,0.01,0.12
Naruto Shippuden Ultimate Ninja Storm 4: Road to Boruto,XOne,2017,Fighting,Namco Bandai Games,0.11,0.0,0.0,0.01,0.12
Pro Evolution Soccer 2016,XOne,2015,Sports,Konami Digital Entertainment,0.05,0.06,0.0,0.01,0.12
Pro Evolution Soccer 2018,XOne,2017,Sports,Konami Digital Entertainment,0.06,0.05,0.0,0.01,0.12
7 Days to Die,XOne,2016,Action,Telltale Games,0.09,0.02,0.0,0.01,0.12
Zombie Army Trilogy,XOne,2015,Shooter,Rebellion Developments,0.05,0.05,0.0,0.01,0.12
Prototype: Biohazard Bundle,XOne,2016,Action,Activision,0.1,0.0,0.0,0.01,0.11
Ride,XOne,2015,Racing,Milestone S.r.l.,0.05,0.05,0.0,0.01,0.11
Agents of Mayhem,XOne,2017,Action,Deep Silver,0.07,0.03,0.0,0.01,0.11
Metal Gear Solid V: The Definitive Experience,XOne,2016,Action,Konami Digital Entertainment,0.1,0.0,0.0,0.01,0.11
Killer Instinct (2013),XOne,2014,Fighting,Microsoft Studios,0.07,0.03,0.0,0.01,0.11
MXGP 2,XOne,2016,Racing,Milestone S.r.l.,0.07,0.02,0.0,0.01,0.1
NASCAR Heat Evolution,XOne,2016,Racing,Dusenberry Martin Racing,0.09,0.0,0.0,0.01,0.1
TrackMania Turbo,XOne,2016,Racing,Ubisoft,0.05,0.04,0.0,0.01,0.1
Divinity: Original Sin,XOne,2015,Role-Playing,Focus Home Interactive,0.06,0.03,0.0,0.01,0.1
Dead or Alive 5,XOne,2015,Fighting,Tecmo Koei,0.05,0.03,0.01,0.01,0.1
Pro Evolution Soccer 2017,XOne,2016,Sports,Konami Digital Entertainment,0.05,0.03,0.0,0.01,0.1
Resident Evil Zero,XOne,2016,Action-Adventure,Capcom,0.07,0.02,0.0,0.01,0.1
Sword Art Online: Fatal Bullet,XOne,2018,Role-Playing,Namco Bandai Games,0.09,0.0,0.0,0.01,0.1
Yooka-Laylee,XOne,2017,Platform,Sold Out,0.05,0.04,0.0,0.01,0.1
Real Farm,XOne,2017,Simulation,Soedesco,0.08,0.0,0.0,0.01,0.1
We Happy Few,XOne,2018,Action-Adventure,Gearbox Software,0.07,0.01,0.0,0.01,0.09
Duke Nukem 3D: 20th Anniversary World Tour,XOne,2016,Shooter,Gearbox Software,0.08,0.0,0.0,0.01,0.09
The Wolf Among Us,XOne,2014,Adventure,Telltale Games,0.06,0.02,0.0,0.01,0.09
Attack on Titan 2,XOne,2018,Action,Koei Tecmo,0.08,0.0,0.0,0.01,0.09
Rugby 15,XOne,2015,Sports,Bigben Interactive,0.03,0.05,0.0,0.01,0.09
MXGP 3: The Official Motocross Videogame,XOne,2017,Racing,Milestone,0.06,0.02,0.0,0.01,0.09
Bladestorm: Nightmare,XOne,2015,Action,Tecmo Koei,0.06,0.02,0.0,0.01,0.08
Monster Energy Supercross - The Official Videogame,XOne,2018,Racing,Milestone S.r.l.,0.08,0.0,0.0,0.01,0.08
America's Greatest Game Shows: Wheel of Fortune & Jeopardy!,XOne,2017,Misc,Ubisoft,0.08,0.0,0.0,0.01,0.08
Dead Island Definitive Collection,XOne,2016,Action,Deep Silver,0.05,0.03,0.0,0.01,0.08
Ride 2,XOne,2016,Racing,Milestone S.r.l,0.06,0.01,0.0,0.01,0.08
Elite: Dangerous,XOne,2017,Simulation,Frontier Developments,0.07,0.0,0.0,0.01,0.08
Just Dance: Disney Party 2,XOne,2015,Music,Ubisoft,0.06,0.01,0.0,0.01,0.08
Bulletstorm: Full Clip Edition,XOne,2017,Shooter,Gearbox Software,0.06,0.01,0.0,0.01,0.08
Micro Machines: World Series,XOne,2017,Racing,Codemasters,0.02,0.05,0.0,0.01,0.08
Darksiders II,XOne,2015,Action-Adventure,Nordic Games,0.05,0.03,0.0,0.01,0.08
Sherlock Holmes: Crimes & Punishments,XOne,2014,Adventure,Focus Home Interactive,0.03,0.04,0.0,0.01,0.08
Toy Soldiers: War Chest,XOne,2015,Action,Ubisoft,0.07,0.0,0.0,0.01,0.08
BlazBlue: Chrono Phantasma Extend,XOne,2015,Fighting,PQube,0.06,0.01,0.0,0.01,0.08
Metal Gear Survive,XOne,2018,Action,Konami Digital Entertainment,0.05,0.01,0.0,0.01,0.08
The Golf Club,XOne,2015,Sports,Ravenscourt,0.07,0.0,0.0,0.01,0.07
Batman: A Telltale Game Series,XOne,2016,Adventure,Telltale Games,0.06,0.01,0.0,0.01,0.07
Constructor HD,XOne,2017,Strategy,System 3,0.07,0.0,0.0,0.01,0.07
Teenage Mutant Ninja Turtles: Mutants in Manhattan,XOne,2016,Action,Activision,0.05,0.01,0.0,0.01,0.07
Valentino Rossi: The Game,XOne,2016,Racing,Namco Bandai Games,0.05,0.02,0.0,0.01,0.07
Disneyland Adventures,XOne,2017,Action-Adventure,Microsoft Studios,0.05,0.01,0.0,0.01,0.07
Dynasty Warriors 8: Empires,XOne,2014,Action,Tecmo Koei,0.04,0.02,0.0,0.01,0.07
Resident Evil 6,XOne,2016,Shooter,Capcom,0.06,0.0,0.0,0.01,0.07
Ghostbusters (2016),XOne,2016,Action,Activision,0.06,0.0,0.0,0.01,0.07
R.B.I. Baseball 2017,XOne,2017,Sports,MLB.com,0.06,0.0,0.0,0.01,0.07
Aven Colony,XOne,2017,Strategy,Sold Out,0.06,0.0,0.0,0.01,0.06
Adventure Time: Finn & Jake Investigations,XOne,2015,Action,Little Orbit,0.04,0.02,0.0,0.01,0.06
Atari Flashback Classics: Volume 1,XOne,2016,Misc,Atari,0.06,0.0,0.0,0.01,0.06
MotoGP 17,XOne,2017,Racing,Koch Media,0.04,0.02,0.0,0.01,0.06
Wasteland 2,XOne,2015,Role-Playing,Deep Silver,0.05,0.01,0.0,0.01,0.06
MX vs ATV Supercross Encore 2017 Track Edition,XOne,2017,Racing,THQ Nordic,0.05,0.0,0.0,0.01,0.06
Cartoon Network Battle Crashers,XOne,2016,Action,Maximum Games,0.05,0.01,0.0,0.01,0.06
Hasbro Family Fun Pack Conquest Edition,XOne,2016,Misc,Ubisoft,0.05,0.0,0.0,0.01,0.06
Sherlock Holmes: The Devil's Daughter,XOne,2016,Adventure,Bigben Interactive,0.05,0.0,0.0,0.01,0.06
MX vs. ATV Supercross Encore,XOne,2015,Sports,Nordic Games,0.05,0.0,0.0,0.01,0.06
Killing Floor 2,XOne,2017,Shooter,Tripwire Interactive,0.05,0.0,0.0,0.01,0.06
R.B.I. Baseball 2016,XOne,2016,Sports,MLB.com,0.05,0.0,0.0,0.01,0.06
Okami,XOne,2017,Action,Capcom,0.05,0.0,0.0,0.01,0.06
Rapala Fishing Pro Series,XOne,2017,Simulation,GameMill,0.05,0.0,0.0,0.01,0.06
Arslan: The Warriors of Legend,XOne,2016,Action,Tecmo Koei,0.05,0.0,0.0,0.01,0.06
Golf Club 2,XOne,2017,Sports,Maximum Games,0.05,0.0,0.0,0.01,0.06
Mark McMorris Infinite Air,XOne,2016,Sports,Maximum Games,0.05,0.0,0.0,0.01,0.06
Atari Flashback Classics: Volume 2,XOne,2016,Misc,Atari,0.05,0.0,0.0,0.01,0.06
Hunting Simulator,XOne,2017,Shooter,Bigben Interactive,0.05,0.0,0.0,0.01,0.06
Styx: Shards of Darknes,XOne,2017,Action,Focus Home Interactive,0.05,0.0,0.0,0.01,0.06
Marvel's Guardians of the Galaxy: The Telltale Series,XOne,2017,Adventure,Warner Bros. Interactive Entertainment,0.05,0.0,0.0,0.01,0.05
Baja: Edge of Control HD,XOne,2017,Racing,THQ Nordic,0.05,0.0,0.0,0.01,0.05
Agatha Christie's The ABC Murders,XOne,2016,Adventure,Microids,0.04,0.0,0.0,0.01,0.05
Brothers: A Tale of Two Sons,XOne,2015,Adventure,505 Games,0.04,0.01,0.0,0.01,0.05
The Walking Dead: A Telltale Series Collection,XOne,2017,Adventure,Warner Bros. Interactive Entertainment,0.05,0.0,0.0,0.01,0.05
Rugby 18,XOne,2017,Sports,Koch Media,0.04,0.0,0.0,0.01,0.05
Has-Been Heroes,XOne,2017,Action,GameTrust,0.04,0.0,0.0,0.01,0.05
Deformers,XOne,2017,Action,Ready at Dawn,0.04,0.0,0.0,0.01,0.05
Extinction,XOne,2018,Action,Maximum Games,0.04,0.0,0.0,0.01,0.05
Resident Evil 4 HD,XOne,2016,Action-Adventure,Capcom,0.04,0.0,0.0,0.01,0.05
The Technomancer,XOne,2016,Role-Playing,Focus Home Interactive,0.03,0.02,0.0,0.0,0.05
Cars 3: Driven to Win,XOne,2017,Racing,Warner Bros. Interactive Entertainment,0.04,0.0,0.0,0.01,0.05
Pillars of Eternity,XOne,2017,Role-Playing,Paradox Interactive ,0.04,0.0,0.0,0.01,0.05
Just Sing,XOne,2016,Music,Ubisoft,0.04,0.0,0.0,0.01,0.05
Mighty No. 9,XOne,2016,Platform,Deep Silver,0.04,0.0,0.0,0.01,0.05
Batman: The Enemy Within,XOne,2017,Adventure,Telltale Games,0.04,0.0,0.0,0.01,0.05
WRC 7,XOne,2017,Racing,Bigben Interactive,0.04,0.0,0.0,0.01,0.05
King's Quest: The Complete Collection,XOne,2016,Adventure,Activision,0.04,0.0,0.0,0.01,0.05
Marvel Pinball: Epic Collection Volume 1,XOne,2016,Puzzle,Nighthawk Interactive,0.04,0.0,0.0,0.01,0.05
Road Rage,XOne,2017,Racing,Maximum Games,0.04,0.0,0.0,0.0,0.04
Dragon's Dogma,XOne,2017,Role-Playing,Capcom,0.04,0.0,0.0,0.0,0.04
Deer Hunter Reloaded,XOne,2017,Shooter,GameMill Entertainment,0.04,0.0,0.0,0.0,0.04
Overcooked,XOne,2016,Action,Sold Out,0.04,0.0,0.0,0.0,0.04
Resident Evil 5 HD,XOne,2016,Action,Capcom,0.04,0.0,0.0,0.0,0.04
Darksiders: Warmastered Edition,XOne,2016,Action-Adventure,THQ Nordic,0.04,0.0,0.0,0.0,0.04
Valkyria: Azure Revolution,XOne,2017,Role-Playing,Deep Silver,0.04,0.0,0.0,0.0,0.04
Game of Thrones (Telltale),XOne,2015,Adventure,Telltale Games,0.04,0.0,0.0,0.0,0.04
Terraria,XOne,2014,Action,505 Games,0.0,0.04,0.0,0.0,0.04
Elex,XOne,2017,Role-Playing,THQ Nordic,0.04,0.0,0.0,0.0,0.04
Battle Chasers: Nightwar,XOne,2017,Role-Playing,THQ Nordic,0.04,0.0,0.0,0.0,0.04
Don't Starve,XOne,2018,Adventure,505 Games,0.04,0.0,0.0,0.0,0.04
Dead Rising 2,XOne,2016,Action,Capcom,0.03,0.0,0.0,0.0,0.04
Don Bradman Cricket 14,XOne,2015,Sports,Tru Blu Entertainment,0.0,0.04,0.0,0.0,0.04
Monster Jam: Crush It,XOne,2016,Racing,GameMill,0.03,0.0,0.0,0.0,0.04
Shadow Warrior (2013),XOne,2014,Shooter,Devolver Digital,0.0,0.04,0.0,0.0,0.04
Dead Alliance,XOne,2017,Shooter,Maximum Games,0.03,0.0,0.0,0.0,0.04
Warriors Orochi 3,XOne,2014,Action,Tecmo Koei,0.01,0.03,0.0,0.0,0.04
Dead Rising,XOne,2016,Action,Capcom,0.03,0.0,0.0,0.0,0.04
Sine Mora,XOne,2017,Action,THQ Nordic,0.03,0.0,0.0,0.0,0.04
WRC 6,XOne,2016,Racing,PQube,0.03,0.0,0.0,0.0,0.03
Black Mirror,XOne,2017,Adventure,THQ Nordic,0.03,0.0,0.0,0.0,0.03
Pure Farming 2018,XOne,2018,Simulation,Techland,0.03,0.0,0.0,0.0,0.03
MotoGP 15,XOne,2015,Racing,Milestone S.r.l.,0.0,0.03,0.0,0.0,0.03
Raid: World War II,XOne,2017,Shooter,505 Games,0.03,0.0,0.0,0.0,0.03
Carmageddon: Max Damage,XOne,2016,Action,Stainless Games,0.02,0.01,0.0,0.0,0.03
INSIDE / LIMBO Double Pack,XOne,2017,Platform,505 Games,0.03,0.0,0.0,0.0,0.03
Warhammer: The End Times - Vermintide,XOne,2016,Action,Games Workshop,0.03,0.0,0.0,0.0,0.03
Stardew Valley,XOne,2017,Simulation,505 Games,0.02,0.0,0.0,0.0,0.03
Ben 10 (2017),XOne,2017,Action,Outright Games,0.02,0.0,0.0,0.0,0.03
The Pillars of the Earth,XOne,2017,Adventure,Kalypso Media,0.02,0.0,0.0,0.0,0.03
Rime,XOne,2017,Adventure,Grey Box,0.02,0.0,0.0,0.0,0.03
Worms: WMD,XOne,2016,Strategy,Team17 Digital Ltd,0.02,0.0,0.0,0.0,0.02
Syberia III,XOne,2017,Adventure,Microids,0.02,0.0,0.0,0.0,0.02
Moto Racer 4,XOne,2016,Racing,PQube,0.02,0.0,0.0,0.0,0.02
Rugby League Live 4,XOne,2017,Sports,Tru Blu Entertainment,0.0,0.02,0.0,0.0,0.02
ABZU,XOne,2017,Adventure,505 Games,0.02,0.0,0.0,0.0,0.02
Pharaonic,XOne,2017,Action,Soedesco,0.02,0.0,0.0,0.0,0.02
Geometry Wars 3: Dimensions Evolved,XOne,2016,Action,Activision,0.02,0.0,0.0,0.0,0.02
Resident Evil: Revelations,XOne,2017,Action,Capcom,0.02,0.0,0.0,0.0,0.02
Broken Sword 5: The Serpent's Curse,XOne,2015,Adventure,Revolution Software,0.0,0.02,0.0,0.0,0.02
Rugby World Cup 2015,XOne,2015,Sports,Big Ben Interactive,0.0,0.02,0.0,0.0,0.02
The Crew: Wild Run,XOne,2015,Racing,Ubisoft,0.0,0.02,0.0,0.0,0.02
Prison Architect,XOne,2016,Simulation,Introversion Software,0.02,0.0,0.0,0.0,0.02
The Dwarves,XOne,2016,Role-Playing,THQ Nordic,0.02,0.0,0.0,0.0,0.02
Big Buck Hunter Arcade,XOne,2017,Shooter,GameMill,0.02,0.0,0.0,0.0,0.02
Redout,XOne,2017,Racing,505 Games,0.02,0.0,0.0,0.0,0.02
Troll and I,XOne,2017,Action,Maximum Games,0.02,0.0,0.0,0.0,0.02
Portal Knights,XOne,2017,Role-Playing,505 Games,0.02,0.0,0.0,0.0,0.02
Shaq-Fu: A Legend Reborn,XOne,2018,Action,Wired Productions,0.02,0.0,0.0,0.0,0.02
Psycho-Pass,XOne,2014,Visual Novel,5pb,0.0,0.0,0.02,0.0,0.02
Tropico 5,XOne,2016,Simulation,Kalypso Media,0.02,0.0,0.0,0.0,0.02
Back to the Future: The Game,XOne,2015,Adventure,Telltale Games,0.0,0.02,0.0,0.0,0.02
Saints Row: Gat out of Hell,XOne,2015,Action,Deep Silver,0.0,0.02,0.0,0.0,0.02
Mega Man Legacy Collection 2,XOne,2017,Action,Capcom,0.02,0.0,0.0,0.0,0.02
Dungeons 3,XOne,2017,Strategy,Kalypso Media,0.02,0.0,0.0,0.0,0.02
Blackguards 2,XOne,2017,Strategy,Kalypso Media,0.02,0.0,0.0,0.0,0.02
Rogue Trooper: Redux,XOne,2017,Shooter,Rebellion,0.02,0.0,0.0,0.0,0.02
Vikings: Wolves of Midgard,XOne,2017,Action,Kalypso Media,0.01,0.0,0.0,0.0,0.02
The Inner World: The Last Wind Monk,XOne,2017,Puzzle,Kalypso Media,0.01,0.0,0.0,0.0,0.02
Assetto Corsa,XOne,2016,Racing,505 Games,0.0,0.01,0.0,0.0,0.02
Le Tour de France 2017,XOne,2017,Simulation,Focus Home Interactive,0.0,0.01,0.0,0.0,0.02
Lock's Quest,XOne,2017,Strategy,THQ Nordic,0.01,0.0,0.0,0.0,0.02
WRC 5: FIA World Rally Championship,XOne,2015,Racing,Bigben Interactive,0.0,0.01,0.0,0.0,0.02
FlatOut 4: Total Insanity,XOne,2017,Racing,Bigben Interactive,0.01,0.0,0.0,0.0,0.01
Shadow Tactics: Blades of the Shogun,XOne,2017,Strategy,Kalypso Media,0.01,0.0,0.0,0.0,0.01
The Town of Light,XOne,2017,Adventure,THQ Nordic,0.01,0.0,0.0,0.0,0.01
Goat Simulator,XOne,2016,Simulation,Koch Media,0.0,0.01,0.0,0.0,0.01
Rugby League Live 3,XOne,2015,Sports,Tru Blu Entertainment,0.0,0.01,0.0,0.0,0.01
Assassin's Creed Chronicles,XOne,2016,Action,Ubisoft,0.0,0.01,0.0,0.0,0.01
Sébastien Loeb Rally Evo,XOne,2016,Racing,Milestone S.r.l,0.0,0.01,0.0,0.0,0.01
Rugby Challenge 3,XOne,2016,Sports,Alternative Software,0.0,0.01,0.0,0.0,0.01
Rabbids Invasion: The Interactive TV Show,XOne,2014,Misc,Ubisoft,0.0,0.01,0.0,0.0,0.01
ZombiU,XOne,2016,Action,Ubisoft,0.0,0.01,0.0,0.0,0.01
This War of Mine,XOne,2016,Action,11 bit studios,0.0,0.01,0.0,0.0,0.01
Battle Worlds: Kronos,XOne,2016,Strategy,Nordic Games,0.01,0.0,0.0,0.0,0.01
ScreamRide,XOne,2015,Simulation,Microsoft Studios,0.0,0.01,0.0,0.0,0.01
Torment: Tides of Numenera,XOne,2017,Role-Playing,Techland,0.01,0.0,0.0,0.0,0.01
Ziggurat,XOne,2016,Shooter,Soedesco,0.0,0.01,0.0,0.0,0.01
ATV Renegades,XOne,2017,Racing,Nighthawk Interactive,0.0,0.0,0.0,0.0,0.01
This Is The Police,XOne,2017,Simulation,THQ Nordic,0.0,0.0,0.0,0.0,0.01
