Genre,Releases,Titles,Sales,Mean,Median,Release share,Sales share
Puzzle,580,498,243.02,0.419,0.11,0.0347,0.0273
Strategy,683,585,174.5,0.2555,0.09,0.0409,0.0196
Fighting,849,613,447.48,0.5271,0.2,0.0508,0.0502
Simulation,874,730,390.42,0.4467,0.15,0.0523,0.0438
Platform,887,588,828.08,0.9336,0.27,0.0531,0.0929
Racing,1249,773,728.9,0.5836,0.19,0.0747,0.0817
Adventure,1303,1062,237.69,0.1824,0.05,0.078,0.0267
Shooter,1323,825,1052.94,0.7959,0.23,0.0792,0.1181
Role-Playing,1500,1227,934.4,0.6229,0.18,0.0897,0.1048
Misc,1750,1330,803.18,0.459,0.16,0.1047,0.0901
Sports,2347,1379,1332.0,0.5675,0.22,0.1404,0.1494
Action,3370,1958,1745.27,0.5179,0.19,0.2016,0.1957
