Platform,Platform_Name,Manufacturer,Releases,Sales,First,Last,Share,Sales per release
PS2,PlayStation 2,Sony,2161,1255.64,2000,2011,0.1408,0.581
X360,Xbox 360,Microsoft,1262,971.63,2005,2016,0.109,0.7699
PS3,PlayStation 3,Sony,1329,939.43,2006,2016,0.1053,0.7069
Wii,Wii,Nintendo,1320,908.13,2006,2016,0.1018,0.688
DS,Nintendo DS,Nintendo,2152,807.1,1985,2013,0.0905,0.375
PS,PlayStation,Sony,1197,730.68,1994,2003,0.0819,0.6104
GBA,Game Boy Advance,Nintendo,822,318.5,2000,2007,0.0357,0.3875
PS4,PlayStation 4,Sony,393,314.23,2013,2016,0.0352,0.7996
PSP,PlayStation Portable,Sony,1209,294.3,2004,2015,0.033,0.2434
PC,PC,PC,974,260.3,1985,2016,0.0292,0.2672
3DS,Nintendo 3DS,Nintendo,520,259.09,2011,2016,0.0291,0.4982
XB,Xbox,Microsoft,824,258.26,2000,2008,0.029,0.3134
GB,Game Boy,Nintendo,98,255.45,1988,2001,0.0286,2.6066
NES,NES,Nintendo,98,251.07,1983,1994,0.0282,2.5619
N64,Nintendo 64,Nintendo,319,218.88,1996,2002,0.0245,0.6861
SNES,Super NES,Nintendo,239,200.05,1990,1999,0.0224,0.837
GC,GameCube,Nintendo,556,199.36,2001,2007,0.0224,0.3586
XOne,Xbox One,Microsoft,247,159.44,2013,2016,0.0179,0.6455
2600,Atari 2600,Other,133,97.08,1980,1989,0.0109,0.7299
WiiU,Wii U,Nintendo,147,82.16,2012,2016,0.0092,0.5589
PSV,PlayStation Vita,Sony,432,54.12,2011,2016,0.0061,0.1253
SAT,Saturn,Sega,173,33.59,1994,1999,0.0038,0.1942
GEN,Genesis / Mega Drive,Sega,27,28.36,1990,1994,0.0032,1.0504
DC,Dreamcast,Sega,52,15.97,1998,2008,0.0018,0.3071
SCD,Sega CD,Sega,6,1.87,1993,1994,0.0002,0.3117
NG,Neo Geo,Other,12,1.44,1993,1996,0.0002,0.12
WS,WonderSwan,Other,6,1.42,1999,2001,0.0002,0.2367
TG16,TurboGrafx-16,Other,2,0.16,1995,1995,0.0,0.08
3DO,3DO,Other,3,0.1,1994,1995,0.0,0.0333
GG,Game Gear,Sega,1,0.04,1992,1992,0.0,0.04
PCFX,PC-FX,Other,1,0.03,1996,1996,0.0,0.03
