Year,Releases,Sales,Sales per release
1980,9,11.38,1.264
1981,46,35.77,0.778
1982,36,28.86,0.802
1983,17,16.79,0.988
1984,14,50.36,3.597
1985,14,53.94,3.853
1986,21,37.07,1.765
1987,16,21.74,1.359
1988,15,47.22,3.148
1989,17,73.45,4.321
1990,16,49.39,3.087
1991,41,32.23,0.786
1992,43,76.17,1.771
1993,60,45.98,0.766
1994,121,79.18,0.654
1995,219,88.11,0.402
1996,263,199.15,0.757
1997,289,200.98,0.695
1998,379,256.45,0.677
1999,338,251.25,0.743
2000,350,201.58,0.576
2001,482,331.47,0.688
2002,829,395.51,0.477
2003,775,357.8,0.462
2004,762,419.05,0.55
2005,939,458.31,0.488
2006,1006,518.7,0.516
2007,1197,605.37,0.506
2008,1427,671.79,0.471
2009,1426,658.88,0.462
2010,1255,590.59,0.471
2011,1136,507.79,0.447
2012,652,355.84,0.546
2013,544,361.24,0.664
2014,581,331.51,0.571
2015,606,268.05,0.442
2016,502,130.1,0.259
