Publisher,Releases,Sales,Mean,Share
Nintendo,706,1788.81,2.5337,0.2006
Electronic Arts,1355,1116.96,0.8243,0.1252
Activision,985,731.16,0.7423,0.082
Sony Computer Entertainment,687,606.48,0.8828,0.068
Ubisoft,933,471.61,0.5055,0.0529
Take-Two Interactive,422,403.82,0.9569,0.0453
THQ,715,338.44,0.4733,0.038
Konami Digital Entertainment,834,282.39,0.3386,0.0317
Sega,638,270.83,0.4245,0.0304
Namco Bandai Games,939,254.62,0.2712,0.0286
Microsoft Game Studios,191,248.32,1.3001,0.0278
Capcom,386,200.02,0.5182,0.0224
Atari,367,156.83,0.4273,0.0176
Warner Bros. Interactive Entertainment,235,151.79,0.6459,0.017
Square Enix,236,145.34,0.6158,0.0163
Disney Interactive Studios,218,117.37,0.5384,0.0132
Eidos Interactive,198,98.65,0.4982,0.0111
LucasArts,90,85.83,0.9537,0.0096
Bethesda Softworks,76,85.05,1.1191,0.0095
Midway Games,198,69.67,0.3519,0.0078
